Invoice ID,Client ID,Issue Date,Amount,Status
INV-10000,CL-084,2025-01-01,3023.17,5-Settled
INV-10001,CL-089,2025-01-01,1702.79,5-Settled
INV-10002,CL-031,2025-01-01,6930.28,5-Settled
INV-10003,CL-028,2025-01-01,4271.89,5-Settled
INV-10004,CL-042,2025-01-01,8270.53,5-Settled
INV-10005,CL-042,2025-01-02,6041.92,5-Settled
INV-10006,CL-031,2025-01-02,2594.85,5-Settled
INV-10007,CL-084,2025-01-02,3835.68,5-Settled
INV-10008,CL-030,2025-01-02,6758.68,5-Settled
INV-10009,CL-084,2025-01-02,9564.92,5-Settled
INV-10010,CL-086,2025-01-02,6616.92,5-Settled
INV-10011,CL-077,2025-01-02,11274.79,5-Settled
INV-10012,CL-071,2025-01-03,2862.49,5-Settled
INV-10013,CL-074,2025-01-03,2057.97,5-Settled
INV-10014,CL-001,2025-01-03,7964.12,5-Settled
INV-10015,CL-017,2025-01-03,5661.47,5-Settled
INV-10016,CL-017,2025-01-03,5699.85,5-Settled
INV-10017,CL-084,2025-01-03,6529.68,5-Settled
INV-10018,CL-089,2025-01-04,4059.19,5-Settled
INV-10019,CL-042,2025-01-04,3637.22,5-Settled
INV-10020,CL-085,2025-01-04,6428.39,5-Settled
INV-10021,CL-068,2025-01-04,1391.17,5-Settled
INV-10022,CL-071,2025-01-04,9666.53,5-Settled
INV-10023,CL-017,2025-01-05,2343.71,5-Settled
INV-10024,CL-023,2025-01-05,6198.78,5-Settled
INV-10025,CL-071,2025-01-05,8079.05,5-Settled
INV-10026,CL-019,2025-01-05,1972.09,5-Settled
INV-10027,CL-074,2025-01-05,6831.77,5-Settled
INV-10028,CL-099,2025-01-05,7995.25,5-Settled
INV-10029,CL-028,2025-01-06,6638.58,5-Settled
INV-10030,CL-071,2025-01-06,3440.65,5-Settled
INV-10031,CL-017,2025-01-06,3330.65,5-Settled
INV-10032,CL-099,2025-01-06,12869.56,5-Settled
INV-10033,CL-028,2025-01-07,6577.11,5-Settled
INV-10034,CL-028,2025-01-07,1604.69,5-Settled
INV-10035,CL-071,2025-01-07,8698.26,5-Settled
INV-10036,CL-075,2025-01-07,7011.43,5-Settled
INV-10037,CL-030,2025-01-07,4465.49,5-Settled
INV-10038,CL-019,2025-01-07,3764.32,4-Pending Payment
INV-10039,CL-019,2025-01-08,3494.83,4-Pending Payment
INV-10040,CL-074,2025-01-08,4795.45,5-Settled
INV-10041,CL-017,2025-01-08,6257.99,5-Settled
INV-10042,CL-068,2025-01-08,9473.09,5-Settled
INV-10043,CL-017,2025-01-08,3315.31,5-Settled
INV-10044,CL-086,2025-01-08,6796.08,5-Settled
INV-10045,CL-042,2025-01-08,2936.84,5-Settled
INV-10046,CL-035,2025-01-08,7699.33,5-Settled
INV-10047,CL-019,2025-01-08,4972.56,5-Settled
INV-10048,CL-075,2025-01-09,4229.09,5-Settled
INV-10049,CL-084,2025-01-10,3034.16,5-Settled
INV-10050,CL-028,2025-01-10,1748.86,4-Pending Payment
INV-10051,CL-019,2025-01-11,6615.83,5-Settled
INV-10052,CL-086,2025-01-11,5881.6,5-Settled
INV-10053,CL-068,2025-01-11,2177.82,5-Settled
INV-10054,CL-031,2025-01-11,6986.38,5-Settled
INV-10055,CL-071,2025-01-12,10408.44,4-Pending Payment
INV-10056,CL-023,2025-01-12,4759.26,5-Settled
INV-10057,CL-011,2025-01-12,6578.18,5-Settled
INV-10058,CL-074,2025-01-12,7608.41,5-Settled
INV-10059,CL-077,2025-01-12,1360.01,5-Settled
INV-10060,CL-089,2025-01-12,6330.46,5-Settled
INV-10061,CL-018,2025-01-12,2559.05,5-Settled
INV-10062,CL-099,2025-01-13,8916.05,5-Settled
INV-10063,CL-084,2025-01-13,2641.42,5-Settled
INV-10064,CL-077,2025-01-13,1736.06,5-Settled
INV-10065,CL-011,2025-01-13,3694.39,5-Settled
INV-10066,CL-030,2025-01-13,4154.29,5-Settled
INV-10067,CL-031,2025-01-14,9342.91,3-Approved
INV-10068,CL-035,2025-01-14,4131.09,5-Settled
INV-10069,CL-042,2025-01-14,4063.42,5-Settled
INV-10070,CL-030,2025-01-14,11551.72,5-Settled
INV-10071,CL-071,2025-01-15,2563.85,5-Settled
INV-10072,CL-017,2025-01-15,7276.2,5-Settled
INV-10073,CL-075,2025-01-15,7014.88,5-Settled
INV-10074,CL-077,2025-01-15,1405.63,5-Settled
INV-10075,CL-075,2025-01-15,3638.07,5-Settled
INV-10076,CL-028,2025-01-16,4652.89,5-Settled
INV-10077,CL-030,2025-01-16,3720.75,5-Settled
INV-10078,CL-001,2025-01-16,1548.06,5-Settled
INV-10079,CL-019,2025-01-16,4025.17,5-Settled
INV-10080,CL-077,2025-01-17,9188.36,5-Settled
INV-10081,CL-018,2025-01-17,3612.37,5-Settled
INV-10082,CL-071,2025-01-17,1185.55,3-Approved
INV-10083,CL-011,2025-01-18,6541.35,5-Settled
INV-10084,CL-011,2025-01-18,5317.61,5-Settled
INV-10085,CL-035,2025-01-18,3624.68,5-Settled
INV-10086,CL-001,2025-01-19,2676.62,5-Settled
INV-10087,CL-017,2025-01-19,7295.39,4-Pending Payment
INV-10088,CL-042,2025-01-19,6603.3,5-Settled
INV-10089,CL-099,2025-01-19,9324.54,5-Settled
INV-10090,CL-018,2025-01-20,8914.24,5-Settled
INV-10091,CL-089,2025-01-20,3730.04,5-Settled
INV-10092,CL-023,2025-01-20,7571.9,5-Settled
INV-10093,CL-089,2025-01-20,3538.57,5-Settled
INV-10094,CL-031,2025-01-20,7500.49,5-Settled
INV-10095,CL-019,2025-01-21,6931.54,5-Settled
INV-10096,CL-031,2025-01-21,8275.53,5-Settled
INV-10097,CL-071,2025-01-21,6723.07,5-Settled
INV-10098,CL-068,2025-01-21,4962.26,5-Settled
INV-10099,CL-035,2025-01-21,1351.76,5-Settled
INV-10100,CL-031,2025-01-22,10084.03,5-Settled
INV-10101,CL-074,2025-01-22,6460.64,5-Settled
INV-10102,CL-074,2025-01-22,3619.52,5-Settled
INV-10103,CL-089,2025-01-22,9160.92,5-Settled
INV-10104,CL-099,2025-01-22,3163.46,5-Settled
INV-10105,CL-068,2025-01-23,2713.57,5-Settled
INV-10106,CL-085,2025-01-23,3830.83,5-Settled
INV-10107,CL-001,2025-01-23,9901.9,5-Settled
INV-10108,CL-084,2025-01-23,8294.79,5-Settled
INV-10109,CL-035,2025-01-24,7616.61,5-Settled
INV-10110,CL-084,2025-01-24,5238.74,5-Settled
INV-10111,CL-075,2025-01-24,5978.0,5-Settled
INV-10112,CL-031,2025-01-24,8379.16,5-Settled
INV-10113,CL-074,2025-01-24,3355.93,5-Settled
INV-10114,CL-028,2025-01-24,3663.61,5-Settled
INV-10115,CL-089,2025-01-25,5770.18,5-Settled
INV-10116,CL-084,2025-01-25,10243.7,5-Settled
INV-10117,CL-085,2025-01-25,8777.42,5-Settled
INV-10118,CL-084,2025-01-25,5415.73,5-Settled
INV-10119,CL-084,2025-01-25,12874.11,5-Settled
INV-10120,CL-075,2025-01-26,8453.8,5-Settled
INV-10121,CL-023,2025-01-26,9895.1,5-Settled
INV-10122,CL-009,2025-01-26,3100.02,5-Settled
INV-10123,CL-077,2025-01-26,4535.57,5-Settled
INV-10124,CL-030,2025-01-27,7155.65,5-Settled
INV-10125,CL-084,2025-01-27,8369.88,5-Settled
INV-10126,CL-017,2025-01-27,3457.76,5-Settled
INV-10127,CL-042,2025-01-27,2276.94,5-Settled
INV-10128,CL-084,2025-01-27,6296.2,5-Settled
INV-10129,CL-023,2025-01-27,7719.95,5-Settled
INV-10130,CL-085,2025-01-27,9737.43,5-Settled
INV-10131,CL-031,2025-01-28,6979.97,5-Settled
INV-10132,CL-018,2025-01-28,5717.17,5-Settled
INV-10133,CL-031,2025-01-28,3994.34,5-Settled
INV-10134,CL-011,2025-01-28,8123.47,5-Settled
INV-10135,CL-009,2025-01-28,5617.2,5-Settled
INV-10136,CL-001,2025-01-29,4354.28,5-Settled
INV-10137,CL-085,2025-01-29,1276.5,5-Settled
INV-10138,CL-089,2025-01-29,1804.43,5-Settled
INV-10139,CL-017,2025-01-29,2146.42,5-Settled
INV-10140,CL-075,2025-01-29,5749.89,5-Settled
INV-10141,CL-031,2025-01-29,6186.12,5-Settled
INV-10142,CL-085,2025-01-30,10050.91,5-Settled
INV-10143,CL-017,2025-01-30,8862.19,5-Settled
INV-10144,CL-089,2025-01-30,2331.8,5-Settled
INV-10145,CL-031,2025-01-30,2917.18,5-Settled
INV-10146,CL-019,2025-01-30,3532.51,5-Settled
INV-10147,CL-009,2025-01-31,4728.02,5-Settled
INV-10148,CL-077,2025-01-31,2941.73,5-Settled
INV-10149,CL-009,2025-01-31,7544.99,5-Settled
INV-10150,CL-042,2025-01-31,4243.89,5-Settled
INV-10151,CL-017,2025-01-31,5955.99,5-Settled
INV-10152,CL-017,2025-02-01,2177.78,5-Settled
INV-10153,CL-049,2025-02-01,3835.45,5-Settled
INV-10154,CL-031,2025-02-01,10349.93,5-Settled
INV-10155,CL-019,2025-02-01,8129.97,5-Settled
INV-10156,CL-099,2025-02-01,5003.11,5-Settled
INV-10157,CL-018,2025-02-02,3761.08,5-Settled
INV-10158,CL-014,2025-02-02,9066.08,5-Settled
INV-10159,CL-086,2025-02-02,4903.46,5-Settled
INV-10160,CL-075,2025-02-02,10723.96,5-Settled
INV-10161,CL-038,2025-02-02,3558.12,5-Settled
INV-10162,CL-042,2025-02-02,1704.02,5-Settled
INV-10163,CL-086,2025-02-03,2375.62,5-Settled
INV-10164,CL-084,2025-02-03,3181.76,5-Settled
INV-10165,CL-052,2025-02-03,6254.51,5-Settled
INV-10166,CL-083,2025-02-03,8631.21,5-Settled
INV-10167,CL-009,2025-02-03,5104.75,5-Settled
INV-10168,CL-018,2025-02-04,5290.16,5-Settled
INV-10169,CL-019,2025-02-04,5798.51,5-Settled
INV-10170,CL-030,2025-02-05,6085.08,5-Settled
INV-10171,CL-023,2025-02-05,6258.13,5-Settled
INV-10172,CL-020,2025-02-05,8657.27,5-Settled
INV-10173,CL-020,2025-02-05,3501.54,5-Settled
INV-10174,CL-015,2025-02-05,3160.84,3-Approved
INV-10175,CL-077,2025-02-06,8680.11,5-Settled
INV-10176,CL-068,2025-02-06,10878.77,5-Settled
INV-10177,CL-011,2025-02-07,2066.06,5-Settled
INV-10178,CL-009,2025-02-07,3541.75,5-Settled
INV-10179,CL-084,2025-02-07,5031.84,5-Settled
INV-10180,CL-077,2025-02-07,1800.59,5-Settled
INV-10181,CL-020,2025-02-08,2904.21,5-Settled
INV-10182,CL-038,2025-02-08,6408.28,3-Approved
INV-10183,CL-032,2025-02-08,9117.08,5-Settled
INV-10184,CL-030,2025-02-09,3041.43,5-Settled
INV-10185,CL-017,2025-02-09,2612.25,5-Settled
INV-10186,CL-030,2025-02-09,6012.13,5-Settled
INV-10187,CL-015,2025-02-09,7509.47,5-Settled
INV-10188,CL-035,2025-02-09,2686.51,5-Settled
INV-10189,CL-001,2025-02-09,11051.77,5-Settled
INV-10190,CL-042,2025-02-09,7926.35,5-Settled
INV-10191,CL-074,2025-02-09,3198.42,5-Settled
INV-10192,CL-009,2025-02-09,6021.57,5-Settled
INV-10193,CL-023,2025-02-10,6115.39,5-Settled
INV-10194,CL-015,2025-02-10,3813.95,5-Settled
INV-10195,CL-083,2025-02-10,2075.83,5-Settled
INV-10196,CL-075,2025-02-10,2829.64,5-Settled
INV-10197,CL-099,2025-02-10,2402.93,5-Settled
INV-10198,CL-015,2025-02-10,12375.32,5-Settled
INV-10199,CL-031,2025-02-10,5264.24,5-Settled
INV-10200,CL-015,2025-02-11,7924.51,5-Settled
INV-10201,CL-068,2025-02-11,4229.1,5-Settled
INV-10202,CL-001,2025-02-11,2817.97,5-Settled
INV-10203,CL-014,2025-02-12,5890.2,5-Settled
INV-10204,CL-019,2025-02-12,5303.74,5-Settled
INV-10205,CL-020,2025-02-12,4058.68,3-Approved
INV-10206,CL-031,2025-02-13,6229.11,5-Settled
INV-10207,CL-052,2025-02-13,3619.58,5-Settled
INV-10208,CL-019,2025-02-13,6473.59,5-Settled
INV-10209,CL-031,2025-02-14,7357.74,5-Settled
INV-10210,CL-099,2025-02-14,1740.8,5-Settled
INV-10211,CL-049,2025-02-14,4690.41,5-Settled
INV-10212,CL-023,2025-02-14,2898.99,5-Settled
INV-10213,CL-099,2025-02-14,3667.0,5-Settled
INV-10214,CL-054,2025-02-14,5465.53,5-Settled
INV-10215,CL-099,2025-02-15,3539.47,5-Settled
INV-10216,CL-019,2025-02-15,6897.37,5-Settled
INV-10217,CL-078,2025-02-15,3682.18,5-Settled
INV-10218,CL-060,2025-02-15,1439.49,5-Settled
INV-10219,CL-031,2025-02-15,8055.55,5-Settled
INV-10220,CL-085,2025-02-15,4094.35,5-Settled
INV-10221,CL-085,2025-02-15,1906.9,5-Settled
INV-10222,CL-015,2025-02-16,1952.98,5-Settled
INV-10223,CL-078,2025-02-16,8596.41,5-Settled
INV-10224,CL-028,2025-02-17,6535.48,5-Settled
INV-10225,CL-035,2025-02-17,6784.59,5-Settled
INV-10226,CL-014,2025-02-17,2231.84,5-Settled
INV-10227,CL-068,2025-02-17,4167.46,5-Settled
INV-10228,CL-030,2025-02-17,3468.55,5-Settled
INV-10229,CL-011,2025-02-18,3791.91,5-Settled
INV-10230,CL-075,2025-02-18,2371.8,5-Settled
INV-10231,CL-023,2025-02-18,6372.17,5-Settled
INV-10232,CL-099,2025-02-19,6064.68,4-Pending Payment
INV-10233,CL-020,2025-02-19,2847.49,5-Settled
INV-10234,CL-090,2025-02-20,4444.51,5-Settled
INV-10235,CL-030,2025-02-20,2476.83,5-Settled
INV-10236,CL-060,2025-02-20,6862.91,5-Settled
INV-10237,CL-015,2025-02-21,5333.89,5-Settled
INV-10238,CL-028,2025-02-21,2046.57,5-Settled
INV-10239,CL-052,2025-02-21,3586.79,5-Settled
INV-10240,CL-023,2025-02-21,7167.76,5-Settled
INV-10241,CL-084,2025-02-22,6432.86,5-Settled
INV-10242,CL-052,2025-02-22,10313.49,5-Settled
INV-10243,CL-085,2025-02-22,7671.96,5-Settled
INV-10244,CL-035,2025-02-22,9847.21,5-Settled
INV-10245,CL-068,2025-02-22,12231.1,5-Settled
INV-10246,CL-019,2025-02-23,5807.84,5-Settled
INV-10247,CL-035,2025-02-23,8773.84,3-Approved
INV-10248,CL-060,2025-02-24,3878.89,5-Settled
INV-10249,CL-028,2025-02-24,4738.06,5-Settled
INV-10250,CL-038,2025-02-24,1953.92,5-Settled
INV-10251,CL-054,2025-02-24,6469.21,5-Settled
INV-10252,CL-071,2025-02-25,4468.59,4-Pending Payment
INV-10253,CL-090,2025-02-25,3964.48,5-Settled
INV-10254,CL-015,2025-02-25,10095.9,5-Settled
INV-10255,CL-001,2025-02-25,11125.77,5-Settled
INV-10256,CL-011,2025-02-25,6835.34,5-Settled
INV-10257,CL-089,2025-02-25,8549.71,5-Settled
INV-10258,CL-001,2025-02-26,6332.38,5-Settled
INV-10259,CL-049,2025-02-26,5036.94,5-Settled
INV-10260,CL-077,2025-02-26,7227.82,5-Settled
INV-10261,CL-085,2025-02-26,5225.37,5-Settled
INV-10262,CL-075,2025-02-26,4103.43,5-Settled
INV-10263,CL-083,2025-02-26,4907.83,5-Settled
INV-10264,CL-086,2025-02-26,1916.95,5-Settled
INV-10265,CL-060,2025-02-26,10016.67,5-Settled
INV-10266,CL-019,2025-02-26,7910.09,5-Settled
INV-10267,CL-089,2025-02-27,5251.55,5-Settled
INV-10268,CL-052,2025-02-27,6778.58,4-Pending Payment
INV-10269,CL-049,2025-02-27,2957.87,5-Settled
INV-10270,CL-060,2025-02-27,7847.83,5-Settled
INV-10271,CL-078,2025-02-28,8681.44,5-Settled
INV-10272,CL-068,2025-02-28,3117.5,5-Settled
INV-10273,CL-086,2025-02-28,8323.28,5-Settled
INV-10274,CL-078,2025-03-01,5536.48,5-Settled
INV-10275,CL-017,2025-03-01,3985.99,5-Settled
INV-10276,CL-052,2025-03-01,5299.92,5-Settled
INV-10277,CL-099,2025-03-01,2487.76,5-Settled
INV-10278,CL-066,2025-03-01,10151.26,5-Settled
INV-10279,CL-084,2025-03-01,10531.6,5-Settled
INV-10280,CL-084,2025-03-01,4059.25,5-Settled
INV-10281,CL-001,2025-03-02,7470.61,4-Pending Payment
INV-10282,CL-015,2025-03-02,5055.72,5-Settled
INV-10283,CL-035,2025-03-02,11068.51,5-Settled
INV-10284,CL-074,2025-03-02,6392.17,5-Settled
INV-10285,CL-075,2025-03-02,6589.85,5-Settled
INV-10286,CL-038,2025-03-02,11539.06,4-Pending Payment
INV-10287,CL-010,2025-03-03,2133.07,5-Settled
INV-10288,CL-060,2025-03-03,4957.97,5-Settled
INV-10289,CL-077,2025-03-03,4544.49,5-Settled
INV-10290,CL-078,2025-03-04,1417.38,5-Settled
INV-10291,CL-028,2025-03-04,2041.86,5-Settled
INV-10292,CL-010,2025-03-04,9391.14,5-Settled
INV-10293,CL-085,2025-03-04,4804.98,4-Pending Payment
INV-10294,CL-078,2025-03-05,6390.33,5-Settled
INV-10295,CL-020,2025-03-05,1785.72,5-Settled
INV-10296,CL-085,2025-03-06,7697.0,5-Settled
INV-10297,CL-060,2025-03-06,8817.82,5-Settled
INV-10298,CL-019,2025-03-06,2184.87,5-Settled
INV-10299,CL-089,2025-03-07,8986.1,5-Settled
INV-10300,CL-089,2025-03-07,8714.17,5-Settled
INV-10301,CL-092,2025-03-07,5210.66,5-Settled
INV-10302,CL-086,2025-03-08,5383.64,5-Settled
INV-10303,CL-052,2025-03-08,1494.41,5-Settled
INV-10304,CL-068,2025-03-08,3366.79,5-Settled
INV-10305,CL-017,2025-03-09,6657.7,5-Settled
INV-10306,CL-035,2025-03-09,7461.22,5-Settled
INV-10307,CL-099,2025-03-09,3852.92,5-Settled
INV-10308,CL-006,2025-03-09,11604.32,5-Settled
INV-10309,CL-002,2025-03-09,1429.96,5-Settled
INV-10310,CL-018,2025-03-10,2100.71,5-Settled
INV-10311,CL-084,2025-03-10,7121.41,5-Settled
INV-10312,CL-011,2025-03-10,1727.97,5-Settled
INV-10313,CL-018,2025-03-10,8288.88,5-Settled
INV-10314,CL-054,2025-03-10,1289.25,5-Settled
INV-10315,CL-078,2025-03-11,3797.14,5-Settled
INV-10316,CL-089,2025-03-11,2922.78,5-Settled
INV-10317,CL-085,2025-03-11,4536.0,4-Pending Payment
INV-10318,CL-078,2025-03-12,1438.02,5-Settled
INV-10319,CL-075,2025-03-12,5386.24,5-Settled
INV-10320,CL-054,2025-03-12,7178.78,5-Settled
INV-10321,CL-083,2025-03-12,12168.71,5-Settled
INV-10322,CL-078,2025-03-12,5479.12,5-Settled
INV-10323,CL-099,2025-03-12,4389.18,5-Settled
INV-10324,CL-083,2025-03-12,6508.08,5-Settled
INV-10325,CL-074,2025-03-12,4285.81,5-Settled
INV-10326,CL-006,2025-03-13,6740.56,5-Settled
INV-10327,CL-052,2025-03-13,5359.73,5-Settled
INV-10328,CL-078,2025-03-13,7006.07,5-Settled
INV-10329,CL-085,2025-03-13,9436.86,5-Settled
INV-10330,CL-011,2025-03-14,3811.23,5-Settled
INV-10331,CL-049,2025-03-14,5696.71,5-Settled
INV-10332,CL-099,2025-03-14,10326.23,5-Settled
INV-10333,CL-015,2025-03-14,11392.34,5-Settled
INV-10334,CL-096,2025-03-14,5781.63,5-Settled
INV-10335,CL-006,2025-03-14,6239.39,5-Settled
INV-10336,CL-092,2025-03-15,8045.16,5-Settled
INV-10337,CL-077,2025-03-15,3445.22,5-Settled
INV-10338,CL-055,2025-03-15,5729.47,5-Settled
INV-10339,CL-071,2025-03-15,8909.21,5-Settled
INV-10340,CL-014,2025-03-16,5668.25,5-Settled
INV-10341,CL-083,2025-03-16,5576.67,5-Settled
INV-10342,CL-096,2025-03-16,5800.67,5-Settled
INV-10343,CL-075,2025-03-17,9632.04,5-Settled
INV-10344,CL-085,2025-03-17,2293.44,5-Settled
INV-10345,CL-011,2025-03-17,1567.49,5-Settled
INV-10346,CL-028,2025-03-17,8133.33,5-Settled
INV-10347,CL-006,2025-03-18,3320.6,5-Settled
INV-10348,CL-017,2025-03-18,4229.43,5-Settled
INV-10349,CL-089,2025-03-19,5528.2,5-Settled
INV-10350,CL-060,2025-03-19,1969.24,5-Settled
INV-10351,CL-039,2025-03-19,1319.89,5-Settled
INV-10352,CL-019,2025-03-19,12448.53,5-Settled
INV-10353,CL-054,2025-03-19,8942.63,5-Settled
INV-10354,CL-096,2025-03-20,1770.16,5-Settled
INV-10355,CL-083,2025-03-20,5910.34,5-Settled
INV-10356,CL-032,2025-03-20,2944.18,5-Settled
INV-10357,CL-038,2025-03-20,8697.5,5-Settled
INV-10358,CL-031,2025-03-21,6964.78,5-Settled
INV-10359,CL-019,2025-03-21,5911.73,5-Settled
INV-10360,CL-039,2025-03-21,11490.87,5-Settled
INV-10361,CL-075,2025-03-21,8503.98,3-Approved
INV-10362,CL-090,2025-03-21,6438.66,5-Settled
INV-10363,CL-077,2025-03-22,11103.21,5-Settled
INV-10364,CL-015,2025-03-22,5318.32,5-Settled
INV-10365,CL-002,2025-03-23,3345.09,5-Settled
INV-10366,CL-006,2025-03-23,3760.89,5-Settled
INV-10367,CL-075,2025-03-23,3645.23,5-Settled
INV-10368,CL-074,2025-03-24,7687.13,5-Settled
INV-10369,CL-015,2025-03-24,8222.96,5-Settled
INV-10370,CL-017,2025-03-24,9278.27,5-Settled
INV-10371,CL-083,2025-03-25,6648.89,5-Settled
INV-10372,CL-006,2025-03-25,6515.53,5-Settled
INV-10373,CL-068,2025-03-25,4214.62,5-Settled
INV-10374,CL-068,2025-03-25,4820.32,5-Settled
INV-10375,CL-002,2025-03-25,9298.75,5-Settled
INV-10376,CL-071,2025-03-26,12304.95,5-Settled
INV-10377,CL-066,2025-03-26,7199.39,5-Settled
INV-10378,CL-035,2025-03-26,8740.84,5-Settled
INV-10379,CL-032,2025-03-26,7561.89,5-Settled
INV-10380,CL-066,2025-03-27,1123.29,5-Settled
INV-10381,CL-074,2025-03-27,2865.64,5-Settled
INV-10382,CL-099,2025-03-27,6081.25,5-Settled
INV-10383,CL-099,2025-03-28,6317.86,5-Settled
INV-10384,CL-089,2025-03-28,2743.81,5-Settled
INV-10385,CL-075,2025-03-28,5375.85,5-Settled
INV-10386,CL-009,2025-03-28,6991.24,5-Settled
INV-10387,CL-068,2025-03-28,6953.14,5-Settled
INV-10388,CL-028,2025-03-29,2688.76,5-Settled
INV-10389,CL-092,2025-03-29,3460.97,5-Settled
INV-10390,CL-055,2025-03-29,1541.32,4-Pending Payment
INV-10391,CL-078,2025-03-29,8552.41,5-Settled
INV-10392,CL-009,2025-03-29,5888.91,5-Settled
INV-10393,CL-002,2025-03-29,2135.18,5-Settled
INV-10394,CL-006,2025-03-30,3653.36,2-Delivered
INV-10395,CL-089,2025-03-30,9056.39,5-Settled
INV-10396,CL-083,2025-03-30,7006.06,5-Settled
INV-10397,CL-054,2025-03-31,10271.79,5-Settled
INV-10398,CL-086,2025-03-31,1467.68,5-Settled
INV-10399,CL-020,2025-03-31,4878.9,5-Settled
INV-10400,CL-011,2025-03-31,6727.5,5-Settled
INV-10401,CL-017,2025-03-31,7724.53,5-Settled
INV-10402,CL-078,2025-04-01,3320.82,5-Settled
INV-10403,CL-082,2025-04-01,9933.87,5-Settled
INV-10404,CL-035,2025-04-01,2616.05,5-Settled
INV-10405,CL-092,2025-04-01,1295.98,5-Settled
INV-10406,CL-049,2025-04-02,10313.97,5-Settled
INV-10407,CL-086,2025-04-02,8541.42,5-Settled
INV-10408,CL-054,2025-04-02,8595.75,5-Settled
INV-10409,CL-086,2025-04-02,6068.18,5-Settled
INV-10410,CL-043,2025-04-02,9571.31,5-Settled
INV-10411,CL-096,2025-04-02,2509.3,5-Settled
INV-10412,CL-087,2025-04-02,4434.38,5-Settled
INV-10413,CL-010,2025-04-03,10228.08,5-Settled
INV-10414,CL-086,2025-04-03,3025.39,5-Settled
INV-10415,CL-055,2025-04-03,6298.21,5-Settled
INV-10416,CL-014,2025-04-03,3345.65,5-Settled
INV-10417,CL-051,2025-04-03,3235.78,5-Settled
INV-10418,CL-051,2025-04-04,9601.3,5-Settled
INV-10419,CL-001,2025-04-04,10995.4,5-Settled
INV-10420,CL-078,2025-04-04,3633.61,5-Settled
INV-10421,CL-015,2025-04-05,1601.66,5-Settled
INV-10422,CL-087,2025-04-05,6021.26,5-Settled
INV-10423,CL-078,2025-04-05,2163.15,5-Settled
INV-10424,CL-077,2025-04-06,6211.14,5-Settled
INV-10425,CL-042,2025-04-06,4747.51,5-Settled
INV-10426,CL-052,2025-04-06,5648.54,4-Pending Payment
INV-10427,CL-039,2025-04-06,3025.58,5-Settled
INV-10428,CL-010,2025-04-07,2564.21,5-Settled
INV-10429,CL-054,2025-04-07,9147.46,5-Settled
INV-10430,CL-065,2025-04-07,9734.59,5-Settled
INV-10431,CL-054,2025-04-07,2097.66,5-Settled
INV-10432,CL-031,2025-04-08,7033.77,5-Settled
INV-10433,CL-008,2025-04-08,10219.28,5-Settled
INV-10434,CL-002,2025-04-08,2944.22,5-Settled
INV-10435,CL-087,2025-04-08,4776.05,5-Settled
INV-10436,CL-048,2025-04-08,4840.05,5-Settled
INV-10437,CL-008,2025-04-08,4763.41,5-Settled
INV-10438,CL-010,2025-04-08,5457.69,5-Settled
INV-10439,CL-011,2025-04-09,7876.14,5-Settled
INV-10440,CL-077,2025-04-09,1921.99,5-Settled
INV-10441,CL-078,2025-04-09,5717.0,5-Settled
INV-10442,CL-054,2025-04-09,5509.53,5-Settled
INV-10443,CL-038,2025-04-09,9394.14,5-Settled
INV-10444,CL-082,2025-04-09,7409.44,5-Settled
INV-10445,CL-086,2025-04-09,4212.67,5-Settled
INV-10446,CL-009,2025-04-10,7942.46,5-Settled
INV-10447,CL-092,2025-04-10,11590.09,5-Settled
INV-10448,CL-017,2025-04-10,7860.26,5-Settled
INV-10449,CL-014,2025-04-10,6717.81,5-Settled
INV-10450,CL-092,2025-04-10,9409.4,5-Settled
INV-10451,CL-087,2025-04-11,7425.66,5-Settled
INV-10452,CL-014,2025-04-11,4555.91,5-Settled
INV-10453,CL-055,2025-04-11,6367.5,5-Settled
INV-10454,CL-082,2025-04-12,6484.72,5-Settled
INV-10455,CL-051,2025-04-12,2383.9,5-Settled
INV-10456,CL-051,2025-04-12,9820.21,5-Settled
INV-10457,CL-039,2025-04-12,6216.66,5-Settled
INV-10458,CL-023,2025-04-13,3966.71,5-Settled
INV-10459,CL-002,2025-04-13,12006.72,5-Settled
INV-10460,CL-066,2025-04-13,10700.12,5-Settled
INV-10461,CL-010,2025-04-13,9526.3,5-Settled
INV-10462,CL-015,2025-04-14,2460.25,5-Settled
INV-10463,CL-055,2025-04-14,11296.73,5-Settled
INV-10464,CL-011,2025-04-14,6181.87,5-Settled
INV-10465,CL-049,2025-04-14,7752.29,5-Settled
INV-10466,CL-066,2025-04-15,6457.57,5-Settled
INV-10467,CL-042,2025-04-15,3631.41,5-Settled
INV-10468,CL-002,2025-04-15,9050.1,5-Settled
INV-10469,CL-087,2025-04-15,9311.03,5-Settled
INV-10470,CL-011,2025-04-15,2211.13,5-Settled
INV-10471,CL-096,2025-04-16,8774.01,5-Settled
INV-10472,CL-087,2025-04-16,2042.23,5-Settled
INV-10473,CL-068,2025-04-16,8912.44,5-Settled
INV-10474,CL-039,2025-04-16,7804.88,5-Settled
INV-10475,CL-097,2025-04-16,5924.72,5-Settled
INV-10476,CL-001,2025-04-17,7628.92,5-Settled
INV-10477,CL-002,2025-04-17,11125.5,5-Settled
INV-10478,CL-092,2025-04-17,8108.93,2-Delivered
INV-10479,CL-032,2025-04-17,8892.05,5-Settled
INV-10480,CL-035,2025-04-17,5923.86,5-Settled
INV-10481,CL-077,2025-04-17,2861.96,5-Settled
INV-10482,CL-087,2025-04-17,13614.8,3-Approved
INV-10483,CL-090,2025-04-18,7853.45,3-Approved
INV-10484,CL-065,2025-04-18,3426.04,5-Settled
INV-10485,CL-074,2025-04-18,4865.88,5-Settled
INV-10486,CL-023,2025-04-18,4918.33,5-Settled
INV-10487,CL-038,2025-04-18,4611.56,5-Settled
INV-10488,CL-006,2025-04-18,4194.74,5-Settled
INV-10489,CL-006,2025-04-19,6200.77,5-Settled
INV-10490,CL-002,2025-04-19,2673.69,5-Settled
INV-10491,CL-074,2025-04-19,9579.6,5-Settled
INV-10492,CL-048,2025-04-19,7064.61,5-Settled
INV-10493,CL-006,2025-04-20,8816.72,5-Settled
INV-10494,CL-032,2025-04-20,3952.33,5-Settled
INV-10495,CL-039,2025-04-20,13952.36,5-Settled
INV-10496,CL-087,2025-04-21,2713.02,5-Settled
INV-10497,CL-049,2025-04-21,4303.76,5-Settled
INV-10498,CL-084,2025-04-22,7135.09,5-Settled
INV-10499,CL-065,2025-04-23,8648.64,5-Settled
INV-10500,CL-092,2025-04-23,2875.52,5-Settled
INV-10501,CL-068,2025-04-23,3698.97,5-Settled
INV-10502,CL-009,2025-04-23,5532.56,5-Settled
INV-10503,CL-006,2025-04-23,3517.73,5-Settled
INV-10504,CL-032,2025-04-23,6278.01,5-Settled
INV-10505,CL-039,2025-04-24,2277.05,5-Settled
INV-10506,CL-083,2025-04-24,9619.13,5-Settled
INV-10507,CL-006,2025-04-25,8863.14,5-Settled
INV-10508,CL-018,2025-04-25,9836.72,4-Pending Payment
INV-10509,CL-020,2025-04-25,2938.76,5-Settled
INV-10510,CL-014,2025-04-25,6255.46,5-Settled
INV-10511,CL-030,2025-04-25,6321.52,5-Settled
INV-10512,CL-092,2025-04-25,6876.51,4-Pending Payment
INV-10513,CL-055,2025-04-25,7464.14,5-Settled
INV-10514,CL-009,2025-04-26,8534.85,5-Settled
INV-10515,CL-014,2025-04-26,2907.68,5-Settled
INV-10516,CL-039,2025-04-26,5545.73,2-Delivered
INV-10517,CL-096,2025-04-26,4018.58,5-Settled
INV-10518,CL-097,2025-04-26,9822.81,5-Settled
INV-10519,CL-060,2025-04-26,1946.75,5-Settled
INV-10520,CL-083,2025-04-27,4863.38,5-Settled
INV-10521,CL-032,2025-04-27,2238.79,5-Settled
INV-10522,CL-082,2025-04-27,10161.17,5-Settled
INV-10523,CL-077,2025-04-27,2754.02,5-Settled
INV-10524,CL-034,2025-04-27,3901.37,5-Settled
INV-10525,CL-038,2025-04-28,1813.73,5-Settled
INV-10526,CL-025,2025-04-28,8615.32,5-Settled
INV-10527,CL-082,2025-04-28,10415.53,5-Settled
INV-10528,CL-038,2025-04-28,4127.07,5-Settled
INV-10529,CL-048,2025-04-28,6062.42,4-Pending Payment
INV-10530,CL-001,2025-04-28,2755.22,5-Settled
INV-10531,CL-060,2025-04-29,3626.63,5-Settled
INV-10532,CL-097,2025-04-29,4180.3,5-Settled
INV-10533,CL-031,2025-04-29,8038.21,5-Settled
INV-10534,CL-006,2025-04-29,5487.48,5-Settled
INV-10535,CL-049,2025-04-29,8334.87,3-Approved
INV-10536,CL-032,2025-04-29,3305.24,5-Settled
INV-10537,CL-010,2025-04-30,6933.6,5-Settled
INV-10538,CL-019,2025-04-30,6149.11,5-Settled
INV-10539,CL-096,2025-04-30,9249.9,5-Settled
INV-10540,CL-025,2025-05-01,6623.13,4-Pending Payment
INV-10541,CL-009,2025-05-01,1680.5,5-Settled
INV-10542,CL-008,2025-05-01,4066.18,5-Settled
INV-10543,CL-043,2025-05-02,10040.04,5-Settled
INV-10544,CL-096,2025-05-02,6152.88,5-Settled
INV-10545,CL-035,2025-05-02,8759.04,5-Settled
INV-10546,CL-021,2025-05-02,3596.74,5-Settled
INV-10547,CL-087,2025-05-03,3299.58,5-Settled
INV-10548,CL-071,2025-05-03,8421.51,5-Settled
INV-10549,CL-055,2025-05-03,6889.58,5-Settled
INV-10550,CL-045,2025-05-03,10091.09,5-Settled
INV-10551,CL-085,2025-05-04,7730.2,5-Settled
INV-10552,CL-076,2025-05-04,1583.99,5-Settled
INV-10553,CL-049,2025-05-04,12853.27,4-Pending Payment
INV-10554,CL-019,2025-05-04,9100.73,5-Settled
INV-10555,CL-051,2025-05-04,6459.75,5-Settled
INV-10556,CL-029,2025-05-04,4487.41,5-Settled
INV-10557,CL-029,2025-05-04,4468.68,5-Settled
INV-10558,CL-018,2025-05-05,9042.65,5-Settled
INV-10559,CL-097,2025-05-05,2907.31,5-Settled
INV-10560,CL-021,2025-05-05,2598.97,5-Settled
INV-10561,CL-015,2025-05-05,5530.63,5-Settled
INV-10562,CL-054,2025-05-05,1197.38,5-Settled
INV-10563,CL-054,2025-05-05,6323.0,5-Settled
INV-10564,CL-034,2025-05-05,7344.51,4-Pending Payment
INV-10565,CL-079,2025-05-06,4773.65,2-Delivered
INV-10566,CL-083,2025-05-06,5912.61,5-Settled
INV-10567,CL-025,2025-05-07,4014.58,5-Settled
INV-10568,CL-048,2025-05-07,8542.72,5-Settled
INV-10569,CL-018,2025-05-07,2286.31,5-Settled
INV-10570,CL-014,2025-05-07,4532.6,5-Settled
INV-10571,CL-094,2025-05-07,1360.7,3-Approved
INV-10572,CL-040,2025-05-08,4654.16,5-Settled
INV-10573,CL-055,2025-05-08,5648.04,5-Settled
INV-10574,CL-001,2025-05-08,5212.59,5-Settled
INV-10575,CL-090,2025-05-08,6900.83,5-Settled
INV-10576,CL-002,2025-05-08,7946.09,5-Settled
INV-10577,CL-077,2025-05-08,3893.83,5-Settled
INV-10578,CL-050,2025-05-09,6947.14,5-Settled
INV-10579,CL-011,2025-05-09,6029.36,5-Settled
INV-10580,CL-043,2025-05-09,2409.34,5-Settled
INV-10581,CL-082,2025-05-10,2380.5,5-Settled
INV-10582,CL-035,2025-05-10,2519.77,5-Settled
INV-10583,CL-043,2025-05-10,6515.13,5-Settled
INV-10584,CL-092,2025-05-10,9379.92,5-Settled
INV-10585,CL-092,2025-05-10,8612.91,3-Approved
INV-10586,CL-034,2025-05-11,3901.65,5-Settled
INV-10587,CL-021,2025-05-11,4261.91,5-Settled
INV-10588,CL-021,2025-05-11,2183.71,4-Pending Payment
INV-10589,CL-042,2025-05-12,4800.1,5-Settled
INV-10590,CL-042,2025-05-12,6199.07,5-Settled
INV-10591,CL-079,2025-05-12,7026.76,5-Settled
INV-10592,CL-094,2025-05-12,10291.37,5-Settled
INV-10593,CL-076,2025-05-12,1373.71,5-Settled
INV-10594,CL-014,2025-05-12,6226.99,5-Settled
INV-10595,CL-075,2025-05-12,7628.65,5-Settled
INV-10596,CL-075,2025-05-13,2970.07,5-Settled
INV-10597,CL-074,2025-05-13,6744.34,5-Settled
INV-10598,CL-085,2025-05-14,1542.79,5-Settled
INV-10599,CL-050,2025-05-14,7955.98,5-Settled
INV-10600,CL-002,2025-05-14,3582.92,5-Settled
INV-10601,CL-078,2025-05-14,9118.8,5-Settled
INV-10602,CL-001,2025-05-14,8838.42,5-Settled
INV-10603,CL-066,2025-05-15,2125.47,5-Settled
INV-10604,CL-001,2025-05-15,5131.93,4-Pending Payment
INV-10605,CL-017,2025-05-15,1813.09,5-Settled
INV-10606,CL-018,2025-05-15,3007.53,5-Settled
INV-10607,CL-079,2025-05-15,7428.31,5-Settled
INV-10608,CL-051,2025-05-15,10989.71,3-Approved
INV-10609,CL-042,2025-05-15,6471.83,5-Settled
INV-10610,CL-040,2025-05-16,8355.29,5-Settled
INV-10611,CL-040,2025-05-16,4771.23,5-Settled
INV-10612,CL-008,2025-05-16,6434.99,5-Settled
INV-10613,CL-001,2025-05-17,3373.95,5-Settled
INV-10614,CL-052,2025-05-17,7574.11,5-Settled
INV-10615,CL-002,2025-05-17,5557.69,5-Settled
INV-10616,CL-010,2025-05-18,1971.61,5-Settled
INV-10617,CL-045,2025-05-18,7049.42,5-Settled
INV-10618,CL-090,2025-05-18,11606.44,5-Settled
INV-10619,CL-090,2025-05-18,3422.76,5-Settled
INV-10620,CL-031,2025-05-19,9951.98,5-Settled
INV-10621,CL-025,2025-05-19,2995.47,5-Settled
INV-10622,CL-002,2025-05-19,2182.63,5-Settled
INV-10623,CL-067,2025-05-19,4666.09,5-Settled
INV-10624,CL-077,2025-05-20,9664.18,5-Settled
INV-10625,CL-023,2025-05-20,9762.03,5-Settled
INV-10626,CL-002,2025-05-20,2071.26,5-Settled
INV-10627,CL-049,2025-05-20,2183.01,5-Settled
INV-10628,CL-011,2025-05-20,2886.04,5-Settled
INV-10629,CL-074,2025-05-20,7265.25,5-Settled
INV-10630,CL-065,2025-05-20,1904.94,5-Settled
INV-10631,CL-014,2025-05-20,8914.89,5-Settled
INV-10632,CL-050,2025-05-21,2822.21,5-Settled
INV-10633,CL-008,2025-05-21,3814.7,5-Settled
INV-10634,CL-028,2025-05-21,7323.71,4-Pending Payment
INV-10635,CL-065,2025-05-21,2171.14,5-Settled
INV-10636,CL-038,2025-05-21,7916.71,5-Settled
INV-10637,CL-029,2025-05-21,7707.2,5-Settled
INV-10638,CL-039,2025-05-21,9016.31,5-Settled
INV-10639,CL-042,2025-05-22,6843.2,5-Settled
INV-10640,CL-051,2025-05-22,3296.06,5-Settled
INV-10641,CL-045,2025-05-23,13668.07,5-Settled
INV-10642,CL-071,2025-05-23,6252.63,4-Pending Payment
INV-10643,CL-029,2025-05-23,3903.91,5-Settled
INV-10644,CL-030,2025-05-24,8431.2,5-Settled
INV-10645,CL-067,2025-05-24,3761.61,5-Settled
INV-10646,CL-049,2025-05-24,4959.95,5-Settled
INV-10647,CL-011,2025-05-25,2383.73,5-Settled
INV-10648,CL-067,2025-05-25,11811.7,5-Settled
INV-10649,CL-001,2025-05-25,7665.38,5-Settled
INV-10650,CL-077,2025-05-25,4008.07,5-Settled
INV-10651,CL-023,2025-05-25,3078.81,5-Settled
INV-10652,CL-055,2025-05-26,5559.21,5-Settled
INV-10653,CL-096,2025-05-26,4605.67,5-Settled
INV-10654,CL-021,2025-05-26,6522.11,5-Settled
INV-10655,CL-089,2025-05-26,4369.35,5-Settled
INV-10656,CL-087,2025-05-26,6285.28,5-Settled
INV-10657,CL-055,2025-05-26,7876.68,5-Settled
INV-10658,CL-014,2025-05-27,6718.19,5-Settled
INV-10659,CL-038,2025-05-28,9832.62,5-Settled
INV-10660,CL-079,2025-05-28,9369.98,5-Settled
INV-10661,CL-048,2025-05-28,8641.52,5-Settled
INV-10662,CL-021,2025-05-29,3633.7,5-Settled
INV-10663,CL-067,2025-05-29,3358.77,5-Settled
INV-10664,CL-048,2025-05-29,4174.17,5-Settled
INV-10665,CL-099,2025-05-29,8273.01,5-Settled
INV-10666,CL-076,2025-05-29,9452.51,5-Settled
INV-10667,CL-096,2025-05-29,9809.89,5-Settled
INV-10668,CL-067,2025-05-29,3230.85,5-Settled
INV-10669,CL-085,2025-05-29,12135.11,5-Settled
INV-10670,CL-090,2025-05-30,1742.41,5-Settled
INV-10671,CL-043,2025-05-30,7952.94,5-Settled
INV-10672,CL-083,2025-05-30,3409.52,5-Settled
INV-10673,CL-006,2025-05-30,14376.17,5-Settled
INV-10674,CL-045,2025-05-31,1255.86,5-Settled
INV-10675,CL-071,2025-05-31,7622.86,5-Settled
INV-10676,CL-002,2025-05-31,8822.31,5-Settled
INV-10677,CL-040,2025-06-01,10604.99,5-Settled
INV-10678,CL-002,2025-06-01,9208.29,5-Settled
INV-10679,CL-015,2025-06-01,10938.57,5-Settled
INV-10680,CL-046,2025-06-01,9244.13,5-Settled
INV-10681,CL-051,2025-06-02,1400.96,5-Settled
INV-10682,CL-076,2025-06-02,1866.28,5-Settled
INV-10683,CL-095,2025-06-02,3497.8,5-Settled
INV-10684,CL-038,2025-06-02,1514.0,5-Settled
INV-10685,CL-001,2025-06-03,6793.25,5-Settled
INV-10686,CL-014,2025-06-03,2452.34,4-Pending Payment
INV-10687,CL-094,2025-06-03,13460.91,4-Pending Payment
INV-10688,CL-071,2025-06-03,1616.16,5-Settled
INV-10689,CL-075,2025-06-04,3959.92,5-Settled
INV-10690,CL-086,2025-06-04,6170.01,5-Settled
INV-10691,CL-096,2025-06-04,7195.86,5-Settled
INV-10692,CL-087,2025-06-05,7323.11,5-Settled
INV-10693,CL-086,2025-06-05,4225.71,5-Settled
INV-10694,CL-092,2025-06-05,8627.95,5-Settled
INV-10695,CL-069,2025-06-06,8514.94,5-Settled
INV-10696,CL-098,2025-06-06,5952.14,3-Approved
INV-10697,CL-040,2025-06-06,2682.85,5-Settled
INV-10698,CL-017,2025-06-06,5079.63,4-Pending Payment
INV-10699,CL-010,2025-06-07,10415.34,5-Settled
INV-10700,CL-067,2025-06-07,7316.07,5-Settled
INV-10701,CL-006,2025-06-08,4601.56,5-Settled
INV-10702,CL-055,2025-06-08,2262.07,5-Settled
INV-10703,CL-042,2025-06-08,7249.04,5-Settled
INV-10704,CL-099,2025-06-08,9005.4,5-Settled
INV-10705,CL-046,2025-06-08,10629.67,5-Settled
INV-10706,CL-029,2025-06-09,8903.53,5-Settled
INV-10707,CL-089,2025-06-09,8084.92,5-Settled
INV-10708,CL-086,2025-06-09,3206.27,5-Settled
INV-10709,CL-004,2025-06-09,5214.85,5-Settled
INV-10710,CL-029,2025-06-09,10397.49,5-Settled
INV-10711,CL-029,2025-06-10,2278.66,5-Settled
INV-10712,CL-049,2025-06-10,5610.32,5-Settled
INV-10713,CL-045,2025-06-10,8308.01,5-Settled
INV-10714,CL-078,2025-06-10,5812.55,5-Settled
INV-10715,CL-051,2025-06-10,9228.35,5-Settled
INV-10716,CL-010,2025-06-11,1556.66,5-Settled
INV-10717,CL-079,2025-06-11,2547.08,5-Settled
INV-10718,CL-083,2025-06-11,14403.78,5-Settled
INV-10719,CL-046,2025-06-11,8537.92,4-Pending Payment
INV-10720,CL-043,2025-06-11,2852.69,5-Settled
INV-10721,CL-034,2025-06-12,5452.31,5-Settled
INV-10722,CL-002,2025-06-12,7805.3,5-Settled
INV-10723,CL-043,2025-06-12,4675.52,5-Settled
INV-10724,CL-060,2025-06-12,3994.74,5-Settled
INV-10725,CL-097,2025-06-12,1804.24,5-Settled
INV-10726,CL-084,2025-06-13,4806.78,5-Settled
INV-10727,CL-021,2025-06-13,9054.74,5-Settled
INV-10728,CL-043,2025-06-13,5467.84,2-Delivered
INV-10729,CL-038,2025-06-13,4952.03,5-Settled
INV-10730,CL-021,2025-06-13,5963.94,5-Settled
INV-10731,CL-038,2025-06-13,8739.25,5-Settled
INV-10732,CL-079,2025-06-14,4919.85,5-Settled
INV-10733,CL-079,2025-06-14,1518.45,5-Settled
INV-10734,CL-097,2025-06-14,6085.28,5-Settled
INV-10735,CL-086,2025-06-15,6339.2,5-Settled
INV-10736,CL-074,2025-06-15,5854.03,5-Settled
INV-10737,CL-083,2025-06-15,7914.6,5-Settled
INV-10738,CL-021,2025-06-15,7397.66,2-Delivered
INV-10739,CL-073,2025-06-15,3475.44,5-Settled
INV-10740,CL-076,2025-06-15,6713.01,5-Settled
INV-10741,CL-015,2025-06-15,4610.48,5-Settled
INV-10742,CL-028,2025-06-16,7192.33,5-Settled
INV-10743,CL-051,2025-06-16,2213.51,5-Settled
INV-10744,CL-040,2025-06-16,8578.65,2-Delivered
INV-10745,CL-069,2025-06-16,4475.73,5-Settled
INV-10746,CL-063,2025-06-16,1810.15,5-Settled
INV-10747,CL-065,2025-06-17,6091.9,5-Settled
INV-10748,CL-097,2025-06-17,4695.99,5-Settled
INV-10749,CL-059,2025-06-17,5881.98,4-Pending Payment
INV-10750,CL-087,2025-06-18,11218.08,5-Settled
INV-10751,CL-094,2025-06-18,8796.42,4-Pending Payment
INV-10752,CL-029,2025-06-18,3050.74,5-Settled
INV-10753,CL-006,2025-06-18,5545.76,4-Pending Payment
INV-10754,CL-094,2025-06-18,8371.34,5-Settled
INV-10755,CL-021,2025-06-18,3306.16,5-Settled
INV-10756,CL-080,2025-06-19,2813.6,5-Settled
INV-10757,CL-046,2025-06-19,6939.88,5-Settled
INV-10758,CL-063,2025-06-19,10171.78,5-Settled
INV-10759,CL-004,2025-06-19,13070.96,5-Settled
INV-10760,CL-002,2025-06-20,8165.91,5-Settled
INV-10761,CL-050,2025-06-20,3244.89,5-Settled
INV-10762,CL-025,2025-06-20,3380.93,5-Settled
INV-10763,CL-021,2025-06-20,2062.35,5-Settled
INV-10764,CL-002,2025-06-20,12173.4,5-Settled
INV-10765,CL-095,2025-06-20,5426.66,5-Settled
INV-10766,CL-085,2025-06-21,8544.76,5-Settled
INV-10767,CL-077,2025-06-21,6416.51,5-Settled
INV-10768,CL-010,2025-06-21,2501.47,5-Settled
INV-10769,CL-065,2025-06-21,10165.5,5-Settled
INV-10770,CL-030,2025-06-21,9043.95,5-Settled
INV-10771,CL-023,2025-06-22,11443.94,5-Settled
INV-10772,CL-067,2025-06-22,4561.14,5-Settled
INV-10773,CL-008,2025-06-22,1665.1,5-Settled
INV-10774,CL-008,2025-06-22,6453.99,5-Settled
INV-10775,CL-039,2025-06-23,1609.65,5-Settled
INV-10776,CL-055,2025-06-23,13232.99,5-Settled
INV-10777,CL-059,2025-06-23,5971.64,5-Settled
INV-10778,CL-082,2025-06-23,7175.42,5-Settled
INV-10779,CL-080,2025-06-23,1603.19,5-Settled
INV-10780,CL-018,2025-06-23,9445.76,5-Settled
INV-10781,CL-029,2025-06-23,7327.8,5-Settled
INV-10782,CL-015,2025-06-24,7943.22,5-Settled
INV-10783,CL-092,2025-06-24,10954.52,5-Settled
INV-10784,CL-069,2025-06-24,5338.0,5-Settled
INV-10785,CL-018,2025-06-24,13391.43,5-Settled
INV-10786,CL-060,2025-06-24,5555.34,5-Settled
INV-10787,CL-096,2025-06-25,4652.35,5-Settled
INV-10788,CL-015,2025-06-25,4567.46,5-Settled
INV-10789,CL-067,2025-06-25,7072.0,3-Approved
INV-10790,CL-045,2025-06-25,12333.53,5-Settled
INV-10791,CL-086,2025-06-25,9498.18,5-Settled
INV-10792,CL-002,2025-06-26,9352.28,5-Settled
INV-10793,CL-074,2025-06-26,10204.44,5-Settled
INV-10794,CL-023,2025-06-26,7819.54,5-Settled
INV-10795,CL-031,2025-06-26,6506.04,5-Settled
INV-10796,CL-021,2025-06-26,6339.23,5-Settled
INV-10797,CL-078,2025-06-26,8782.88,5-Settled
INV-10798,CL-098,2025-06-27,2035.2,5-Settled
INV-10799,CL-004,2025-06-27,6222.1,5-Settled
INV-10800,CL-021,2025-06-27,10086.95,5-Settled
INV-10801,CL-023,2025-06-27,9260.63,5-Settled
INV-10802,CL-020,2025-06-27,8079.95,5-Settled
INV-10803,CL-028,2025-06-27,3156.46,5-Settled
INV-10804,CL-093,2025-06-27,10245.56,5-Settled
INV-10805,CL-084,2025-06-27,10012.08,5-Settled
INV-10806,CL-065,2025-06-28,8719.88,5-Settled
INV-10807,CL-093,2025-06-28,11703.7,5-Settled
INV-10808,CL-038,2025-06-28,3290.23,5-Settled
INV-10809,CL-040,2025-06-28,2246.91,5-Settled
INV-10810,CL-035,2025-06-28,6420.68,5-Settled
INV-10811,CL-097,2025-06-29,9024.38,5-Settled
INV-10812,CL-074,2025-06-29,1456.51,5-Settled
INV-10813,CL-059,2025-06-29,6791.9,5-Settled
INV-10814,CL-052,2025-06-29,1550.65,5-Settled
INV-10815,CL-008,2025-06-29,7347.07,5-Settled
INV-10816,CL-080,2025-06-29,5603.03,5-Settled
INV-10817,CL-031,2025-06-30,4577.1,5-Settled
INV-10818,CL-021,2025-06-30,994.12,5-Settled
INV-10819,CL-084,2025-06-30,2853.46,5-Settled
INV-10820,CL-032,2025-07-01,8227.9,5-Settled
INV-10821,CL-003,2025-07-01,7474.29,5-Settled
INV-10822,CL-078,2025-07-01,7741.43,5-Settled
INV-10823,CL-020,2025-07-01,5535.33,5-Settled
INV-10824,CL-098,2025-07-01,3452.9,5-Settled
INV-10825,CL-038,2025-07-01,1554.4,5-Settled
INV-10826,CL-010,2025-07-01,2836.56,5-Settled
INV-10827,CL-069,2025-07-02,10512.54,5-Settled
INV-10828,CL-016,2025-07-02,2932.53,4-Pending Payment
INV-10829,CL-016,2025-07-02,2290.13,5-Settled
INV-10830,CL-060,2025-07-02,3791.6,5-Settled
INV-10831,CL-063,2025-07-02,7131.14,5-Settled
INV-10832,CL-017,2025-07-03,5649.76,5-Settled
INV-10833,CL-040,2025-07-03,10451.87,3-Approved
INV-10834,CL-049,2025-07-03,6149.01,5-Settled
INV-10835,CL-029,2025-07-03,2610.12,5-Settled
INV-10836,CL-059,2025-07-03,9530.44,5-Settled
INV-10837,CL-063,2025-07-03,10296.2,5-Settled
INV-10838,CL-034,2025-07-03,5208.9,5-Settled
INV-10839,CL-069,2025-07-03,2932.47,5-Settled
INV-10840,CL-021,2025-07-04,8700.25,5-Settled
INV-10841,CL-028,2025-07-04,5916.11,5-Settled
INV-10842,CL-078,2025-07-04,3115.98,5-Settled
INV-10843,CL-060,2025-07-04,4799.69,5-Settled
INV-10844,CL-046,2025-07-05,5477.27,5-Settled
INV-10845,CL-056,2025-07-05,9024.79,5-Settled
INV-10846,CL-033,2025-07-05,6841.6,5-Settled
INV-10847,CL-099,2025-07-05,1341.61,5-Settled
INV-10848,CL-094,2025-07-05,4642.82,5-Settled
INV-10849,CL-069,2025-07-05,7457.07,5-Settled
INV-10850,CL-005,2025-07-06,7348.27,5-Settled
INV-10851,CL-082,2025-07-06,5500.46,5-Settled
INV-10852,CL-094,2025-07-06,1592.36,5-Settled
INV-10853,CL-079,2025-07-06,3442.82,5-Settled
INV-10854,CL-088,2025-07-06,7494.94,3-Approved
INV-10855,CL-031,2025-07-07,7373.78,5-Settled
INV-10856,CL-079,2025-07-07,1427.34,5-Settled
INV-10857,CL-078,2025-07-07,6327.7,5-Settled
INV-10858,CL-094,2025-07-07,7287.56,5-Settled
INV-10859,CL-052,2025-07-08,9179.45,5-Settled
INV-10860,CL-072,2025-07-08,9185.65,5-Settled
INV-10861,CL-080,2025-07-08,4212.23,5-Settled
INV-10862,CL-075,2025-07-08,2589.2,5-Settled
INV-10863,CL-059,2025-07-08,10508.32,5-Settled
INV-10864,CL-079,2025-07-08,14398.44,5-Settled
INV-10865,CL-081,2025-07-08,1741.23,4-Pending Payment
INV-10866,CL-076,2025-07-09,5043.16,5-Settled
INV-10867,CL-046,2025-07-09,5966.45,5-Settled
INV-10868,CL-045,2025-07-09,2719.68,5-Settled
INV-10869,CL-032,2025-07-09,4456.88,5-Settled
INV-10870,CL-043,2025-07-09,12572.84,5-Settled
INV-10871,CL-009,2025-07-10,1877.94,5-Settled
INV-10872,CL-017,2025-07-10,7878.45,5-Settled
INV-10873,CL-098,2025-07-11,11025.34,5-Settled
INV-10874,CL-005,2025-07-11,2194.5,5-Settled
INV-10875,CL-014,2025-07-11,8411.56,2-Delivered
INV-10876,CL-088,2025-07-11,5129.05,4-Pending Payment
INV-10877,CL-016,2025-07-11,3721.33,5-Settled
INV-10878,CL-016,2025-07-11,4262.62,5-Settled
INV-10879,CL-080,2025-07-11,10626.74,5-Settled
INV-10880,CL-029,2025-07-12,2865.02,5-Settled
INV-10881,CL-014,2025-07-12,10400.8,5-Settled
INV-10882,CL-089,2025-07-12,2196.77,5-Settled
INV-10883,CL-034,2025-07-12,6447.93,5-Settled
INV-10884,CL-048,2025-07-13,8952.96,5-Settled
INV-10885,CL-085,2025-07-13,7796.69,5-Settled
INV-10886,CL-087,2025-07-13,10034.3,5-Settled
INV-10887,CL-020,2025-07-13,3762.41,5-Settled
INV-10888,CL-029,2025-07-14,5627.54,5-Settled
INV-10889,CL-079,2025-07-14,1359.53,5-Settled
INV-10890,CL-014,2025-07-15,5646.42,5-Settled
INV-10891,CL-018,2025-07-15,6372.27,5-Settled
INV-10892,CL-098,2025-07-16,10940.22,5-Settled
INV-10893,CL-004,2025-07-17,9906.59,5-Settled
INV-10894,CL-093,2025-07-17,6832.09,5-Settled
INV-10895,CL-045,2025-07-17,3556.03,5-Settled
INV-10896,CL-011,2025-07-17,11653.36,4-Pending Payment
INV-10897,CL-008,2025-07-17,2536.87,3-Approved
INV-10898,CL-009,2025-07-17,8540.38,5-Settled
INV-10899,CL-064,2025-07-17,6264.17,5-Settled
INV-10900,CL-010,2025-07-18,11831.11,5-Settled
INV-10901,CL-051,2025-07-19,2182.63,5-Settled
INV-10902,CL-054,2025-07-19,10814.0,4-Pending Payment
INV-10903,CL-006,2025-07-19,10431.67,5-Settled
INV-10904,CL-088,2025-07-19,4813.08,4-Pending Payment
INV-10905,CL-047,2025-07-20,6367.83,5-Settled
INV-10906,CL-059,2025-07-20,2260.48,5-Settled
INV-10907,CL-072,2025-07-20,3832.98,4-Pending Payment
INV-10908,CL-069,2025-07-20,2951.1,2-Delivered
INV-10909,CL-034,2025-07-20,6648.62,3-Approved
INV-10910,CL-095,2025-07-20,9010.62,5-Settled
INV-10911,CL-025,2025-07-20,1601.33,4-Pending Payment
INV-10912,CL-031,2025-07-21,3160.49,5-Settled
INV-10913,CL-031,2025-07-21,9351.35,5-Settled
INV-10914,CL-005,2025-07-21,5226.89,5-Settled
INV-10915,CL-066,2025-07-21,11200.35,5-Settled
INV-10916,CL-086,2025-07-21,6761.99,5-Settled
INV-10917,CL-063,2025-07-21,3214.68,5-Settled
INV-10918,CL-047,2025-07-22,5276.44,5-Settled
INV-10919,CL-004,2025-07-22,5330.89,5-Settled
INV-10920,CL-046,2025-07-22,1661.03,5-Settled
INV-10921,CL-059,2025-07-22,7292.64,3-Approved
INV-10922,CL-094,2025-07-22,5095.63,5-Settled
INV-10923,CL-021,2025-07-22,7288.56,5-Settled
INV-10924,CL-089,2025-07-23,9711.05,5-Settled
INV-10925,CL-016,2025-07-23,4767.98,5-Settled
INV-10926,CL-019,2025-07-23,1541.02,5-Settled
INV-10927,CL-038,2025-07-23,9052.69,5-Settled
INV-10928,CL-060,2025-07-23,3809.11,5-Settled
INV-10929,CL-085,2025-07-23,11502.15,5-Settled
INV-10930,CL-072,2025-07-23,3033.06,5-Settled
INV-10931,CL-072,2025-07-23,1553.94,5-Settled
INV-10932,CL-093,2025-07-23,8530.2,5-Settled
INV-10933,CL-052,2025-07-24,2117.84,5-Settled
INV-10934,CL-039,2025-07-24,8679.19,5-Settled
INV-10935,CL-005,2025-07-24,5318.61,5-Settled
INV-10936,CL-033,2025-07-24,4207.79,5-Settled
INV-10937,CL-031,2025-07-25,4155.54,5-Settled
INV-10938,CL-081,2025-07-25,6948.23,5-Settled
INV-10939,CL-073,2025-07-25,10647.65,5-Settled
INV-10940,CL-093,2025-07-25,2858.98,5-Settled
INV-10941,CL-028,2025-07-26,9695.5,5-Settled
INV-10942,CL-031,2025-07-26,10278.93,5-Settled
INV-10943,CL-079,2025-07-26,7975.11,5-Settled
INV-10944,CL-082,2025-07-26,5561.73,5-Settled
INV-10945,CL-033,2025-07-26,1808.72,5-Settled
INV-10946,CL-078,2025-07-27,10856.38,5-Settled
INV-10947,CL-021,2025-07-27,2084.42,5-Settled
INV-10948,CL-065,2025-07-28,1643.21,5-Settled
INV-10949,CL-025,2025-07-28,6963.42,5-Settled
INV-10950,CL-073,2025-07-28,4381.5,5-Settled
INV-10951,CL-063,2025-07-29,1755.67,5-Settled
INV-10952,CL-042,2025-07-29,3239.6,5-Settled
INV-10953,CL-066,2025-07-29,5786.53,5-Settled
INV-10954,CL-097,2025-07-30,4699.71,5-Settled
INV-10955,CL-033,2025-07-30,8619.36,5-Settled
INV-10956,CL-079,2025-07-30,5296.03,5-Settled
INV-10957,CL-031,2025-07-31,12563.09,5-Settled
INV-10958,CL-088,2025-07-31,11439.85,5-Settled
INV-10959,CL-023,2025-07-31,8685.53,5-Settled
INV-10960,CL-082,2025-08-01,1254.26,5-Settled
INV-10961,CL-080,2025-08-01,5928.04,5-Settled
INV-10962,CL-084,2025-08-01,4329.5,5-Settled
INV-10963,CL-050,2025-08-01,3341.22,5-Settled
INV-10964,CL-020,2025-08-01,7320.42,5-Settled
INV-10965,CL-025,2025-08-01,8488.44,5-Settled
INV-10966,CL-049,2025-08-02,8324.51,5-Settled
INV-10967,CL-076,2025-08-02,7162.83,5-Settled
INV-10968,CL-063,2025-08-02,5867.66,5-Settled
INV-10969,CL-056,2025-08-02,6033.3,5-Settled
INV-10970,CL-011,2025-08-03,7074.01,5-Settled
INV-10971,CL-073,2025-08-03,3776.37,5-Settled
INV-10972,CL-100,2025-08-03,2616.24,5-Settled
INV-10973,CL-088,2025-08-03,9303.08,5-Settled
INV-10974,CL-066,2025-08-03,3766.49,5-Settled
INV-10975,CL-021,2025-08-04,2492.36,5-Settled
INV-10976,CL-089,2025-08-04,8439.42,5-Settled
INV-10977,CL-049,2025-08-05,12538.92,5-Settled
INV-10978,CL-085,2025-08-05,7768.18,5-Settled
INV-10979,CL-056,2025-08-05,11105.08,5-Settled
INV-10980,CL-004,2025-08-05,9450.47,5-Settled
INV-10981,CL-010,2025-08-05,8342.99,5-Settled
INV-10982,CL-056,2025-08-05,4332.19,5-Settled
INV-10983,CL-023,2025-08-05,4439.07,5-Settled
INV-10984,CL-038,2025-08-06,9389.45,5-Settled
INV-10985,CL-007,2025-08-06,9092.91,5-Settled
INV-10986,CL-069,2025-08-06,3276.93,5-Settled
INV-10987,CL-065,2025-08-06,7986.87,5-Settled
INV-10988,CL-007,2025-08-06,4866.89,5-Settled
INV-10989,CL-055,2025-08-06,9891.99,5-Settled
INV-10990,CL-068,2025-08-07,6354.56,3-Approved
INV-10991,CL-052,2025-08-07,1874.86,5-Settled
INV-10992,CL-094,2025-08-07,8038.92,5-Settled
INV-10993,CL-057,2025-08-07,8940.86,5-Settled
INV-10994,CL-071,2025-08-08,2314.73,5-Settled
INV-10995,CL-089,2025-08-08,9795.01,5-Settled
INV-10996,CL-035,2025-08-08,7858.22,5-Settled
INV-10997,CL-031,2025-08-08,2538.16,5-Settled
INV-10998,CL-100,2025-08-08,8833.0,5-Settled
INV-10999,CL-088,2025-08-09,5748.1,4-Pending Payment
INV-11000,CL-087,2025-08-09,4184.12,5-Settled
INV-11001,CL-056,2025-08-09,2493.45,5-Settled
INV-11002,CL-027,2025-08-09,8718.26,3-Approved
INV-11003,CL-050,2025-08-09,7837.89,5-Settled
INV-11004,CL-047,2025-08-10,2773.83,5-Settled
INV-11005,CL-078,2025-08-10,3981.35,5-Settled
INV-11006,CL-067,2025-08-10,4561.59,4-Pending Payment
INV-11007,CL-069,2025-08-10,11734.8,5-Settled
INV-11008,CL-076,2025-08-10,1923.91,5-Settled
INV-11009,CL-035,2025-08-10,4584.3,5-Settled
INV-11010,CL-027,2025-08-10,3801.98,5-Settled
INV-11011,CL-032,2025-08-11,6988.81,5-Settled
INV-11012,CL-048,2025-08-11,10030.49,5-Settled
INV-11013,CL-032,2025-08-11,2461.55,5-Settled
INV-11014,CL-097,2025-08-12,1566.49,5-Settled
INV-11015,CL-033,2025-08-12,4348.84,5-Settled
INV-11016,CL-047,2025-08-12,1810.9,4-Pending Payment
INV-11017,CL-034,2025-08-12,3328.24,5-Settled
INV-11018,CL-018,2025-08-12,1479.09,5-Settled
INV-11019,CL-005,2025-08-12,11987.53,4-Pending Payment
INV-11020,CL-067,2025-08-13,11605.76,5-Settled
INV-11021,CL-040,2025-08-13,4402.91,5-Settled
INV-11022,CL-060,2025-08-13,2646.7,5-Settled
INV-11023,CL-080,2025-08-14,3036.91,5-Settled
INV-11024,CL-032,2025-08-14,3161.47,5-Settled
INV-11025,CL-085,2025-08-14,2887.06,5-Settled
INV-11026,CL-027,2025-08-14,4684.04,5-Settled
INV-11027,CL-063,2025-08-14,3700.12,5-Settled
INV-11028,CL-067,2025-08-15,11127.77,5-Settled
INV-11029,CL-005,2025-08-15,10579.27,5-Settled
INV-11030,CL-033,2025-08-15,3869.3,5-Settled
INV-11031,CL-004,2025-08-15,1598.41,5-Settled
INV-11032,CL-046,2025-08-15,4039.05,5-Settled
INV-11033,CL-050,2025-08-16,4312.17,5-Settled
INV-11034,CL-019,2025-08-16,6432.29,5-Settled
INV-11035,CL-092,2025-08-17,3354.21,5-Settled
INV-11036,CL-057,2025-08-17,1340.78,5-Settled
INV-11037,CL-097,2025-08-18,4847.48,5-Settled
INV-11038,CL-019,2025-08-18,1334.21,5-Settled
INV-11039,CL-023,2025-08-18,2502.61,5-Settled
INV-11040,CL-093,2025-08-18,3157.25,5-Settled
INV-11041,CL-038,2025-08-18,8229.12,5-Settled
INV-11042,CL-072,2025-08-18,10440.25,5-Settled
INV-11043,CL-052,2025-08-18,6938.39,5-Settled
INV-11044,CL-059,2025-08-18,6568.9,5-Settled
INV-11045,CL-088,2025-08-18,3162.3,5-Settled
INV-11046,CL-085,2025-08-19,2672.8,5-Settled
INV-11047,CL-034,2025-08-19,8965.58,5-Settled
INV-11048,CL-046,2025-08-19,3150.56,5-Settled
INV-11049,CL-088,2025-08-19,10527.03,5-Settled
INV-11050,CL-046,2025-08-20,6726.15,5-Settled
INV-11051,CL-006,2025-08-20,4674.23,5-Settled
INV-11052,CL-033,2025-08-20,3119.54,5-Settled
INV-11053,CL-028,2025-08-20,5687.39,5-Settled
INV-11054,CL-052,2025-08-20,8431.0,5-Settled
INV-11055,CL-009,2025-08-20,5487.29,5-Settled
INV-11056,CL-085,2025-08-21,1561.2,5-Settled
INV-11057,CL-005,2025-08-21,5663.28,5-Settled
INV-11058,CL-072,2025-08-21,10511.31,5-Settled
INV-11059,CL-007,2025-08-22,6395.97,5-Settled
INV-11060,CL-097,2025-08-22,7506.59,5-Settled
INV-11061,CL-073,2025-08-22,3259.52,5-Settled
INV-11062,CL-083,2025-08-22,7405.11,5-Settled
INV-11063,CL-048,2025-08-22,9027.26,5-Settled
INV-11064,CL-005,2025-08-22,5613.41,5-Settled
INV-11065,CL-072,2025-08-23,3589.07,5-Settled
INV-11066,CL-068,2025-08-23,2119.91,4-Pending Payment
INV-11067,CL-100,2025-08-24,5283.6,5-Settled
INV-11068,CL-063,2025-08-24,3867.71,4-Pending Payment
INV-11069,CL-025,2025-08-24,12981.14,5-Settled
INV-11070,CL-059,2025-08-24,4475.01,5-Settled
INV-11071,CL-008,2025-08-25,12022.66,5-Settled
INV-11072,CL-075,2025-08-25,2717.23,5-Settled
INV-11073,CL-072,2025-08-26,11200.29,5-Settled
INV-11074,CL-057,2025-08-26,5516.75,5-Settled
INV-11075,CL-042,2025-08-26,7103.03,5-Settled
INV-11076,CL-077,2025-08-26,4052.76,5-Settled
INV-11077,CL-081,2025-08-27,3367.89,5-Settled
INV-11078,CL-019,2025-08-27,3826.94,5-Settled
INV-11079,CL-077,2025-08-27,7512.21,5-Settled
INV-11080,CL-018,2025-08-27,4173.03,5-Settled
INV-11081,CL-077,2025-08-27,2763.03,5-Settled
INV-11082,CL-001,2025-08-27,7144.84,5-Settled
INV-11083,CL-014,2025-08-28,1839.18,5-Settled
INV-11084,CL-060,2025-08-28,12505.56,5-Settled
INV-11085,CL-094,2025-08-28,5659.86,5-Settled
INV-11086,CL-020,2025-08-28,7751.43,5-Settled
INV-11087,CL-060,2025-08-28,4246.31,5-Settled
INV-11088,CL-014,2025-08-28,7767.76,5-Settled
INV-11089,CL-060,2025-08-28,7644.36,4-Pending Payment
INV-11090,CL-057,2025-08-28,7562.82,5-Settled
INV-11091,CL-055,2025-08-29,3159.88,5-Settled
INV-11092,CL-074,2025-08-29,2490.01,5-Settled
INV-11093,CL-006,2025-08-29,3438.96,5-Settled
INV-11094,CL-087,2025-08-29,11691.97,5-Settled
INV-11095,CL-056,2025-08-30,7089.26,5-Settled
INV-11096,CL-019,2025-08-30,7898.44,5-Settled
INV-11097,CL-011,2025-08-30,6815.55,5-Settled
INV-11098,CL-098,2025-08-31,2379.8,5-Settled
INV-11099,CL-056,2025-08-31,8448.48,5-Settled
INV-11100,CL-001,2025-08-31,8059.84,4-Pending Payment
INV-11101,CL-021,2025-08-31,3077.16,5-Settled
INV-11102,CL-035,2025-08-31,10526.01,5-Settled
INV-11103,CL-069,2025-09-01,5204.58,5-Settled
INV-11104,CL-097,2025-09-01,3210.67,5-Settled
INV-11105,CL-017,2025-09-01,1851.05,5-Settled
INV-11106,CL-082,2025-09-01,4382.23,5-Settled
INV-11107,CL-033,2025-09-02,5789.02,5-Settled
INV-11108,CL-095,2025-09-02,9319.24,5-Settled
INV-11109,CL-089,2025-09-02,10045.03,4-Pending Payment
INV-11110,CL-057,2025-09-02,1881.96,5-Settled
INV-11111,CL-100,2025-09-02,5745.35,5-Settled
INV-11112,CL-043,2025-09-02,2593.88,5-Settled
INV-11113,CL-100,2025-09-03,11525.58,5-Settled
INV-11114,CL-085,2025-09-03,8986.04,5-Settled
INV-11115,CL-074,2025-09-03,9775.85,5-Settled
INV-11116,CL-050,2025-09-03,4178.4,5-Settled
INV-11117,CL-060,2025-09-03,7088.85,5-Settled
INV-11118,CL-042,2025-09-04,5886.22,5-Settled
INV-11119,CL-071,2025-09-04,6394.38,5-Settled
INV-11120,CL-027,2025-09-04,6612.36,5-Settled
INV-11121,CL-031,2025-09-04,5147.48,5-Settled
INV-11122,CL-028,2025-09-05,6135.62,5-Settled
INV-11123,CL-073,2025-09-05,3747.98,5-Settled
INV-11124,CL-005,2025-09-06,6550.72,5-Settled
INV-11125,CL-064,2025-09-06,3144.53,4-Pending Payment
INV-11126,CL-089,2025-09-06,7438.01,5-Settled
INV-11127,CL-054,2025-09-06,4243.38,5-Settled
INV-11128,CL-018,2025-09-06,7962.73,5-Settled
INV-11129,CL-076,2025-09-07,3852.9,5-Settled
INV-11130,CL-027,2025-09-07,4126.05,5-Settled
INV-11131,CL-067,2025-09-07,7169.99,5-Settled
INV-11132,CL-081,2025-09-07,4888.98,5-Settled
INV-11133,CL-068,2025-09-08,1492.21,5-Settled
INV-11134,CL-096,2025-09-08,3095.04,3-Approved
INV-11135,CL-098,2025-09-08,10746.43,5-Settled
INV-11136,CL-036,2025-09-08,9204.45,5-Settled
INV-11137,CL-095,2025-09-08,3638.55,5-Settled
INV-11138,CL-014,2025-09-08,10194.68,5-Settled
INV-11139,CL-045,2025-09-09,8903.65,5-Settled
INV-11140,CL-082,2025-09-09,4496.74,5-Settled
INV-11141,CL-056,2025-09-10,8753.68,5-Settled
INV-11142,CL-095,2025-09-10,2720.9,5-Settled
INV-11143,CL-045,2025-09-10,4273.24,5-Settled
INV-11144,CL-065,2025-09-11,4685.12,5-Settled
INV-11145,CL-056,2025-09-12,6384.14,5-Settled
INV-11146,CL-032,2025-09-12,6525.7,5-Settled
INV-11147,CL-071,2025-09-12,3313.72,5-Settled
INV-11148,CL-054,2025-09-12,10195.87,5-Settled
INV-11149,CL-002,2025-09-13,12508.16,5-Settled
INV-11150,CL-053,2025-09-13,5539.72,5-Settled
INV-11151,CL-094,2025-09-13,2979.79,5-Settled
INV-11152,CL-095,2025-09-13,3356.29,5-Settled
INV-11153,CL-082,2025-09-13,1768.78,5-Settled
INV-11154,CL-005,2025-09-13,5903.71,5-Settled
INV-11155,CL-055,2025-09-14,3896.7,5-Settled
INV-11156,CL-057,2025-09-14,3777.7,5-Settled
INV-11157,CL-017,2025-09-14,6570.15,5-Settled
INV-11158,CL-079,2025-09-14,2808.8,5-Settled
INV-11159,CL-080,2025-09-14,6784.15,5-Settled
INV-11160,CL-017,2025-09-14,1385.45,5-Settled
INV-11161,CL-070,2025-09-15,6479.85,3-Approved
INV-11162,CL-056,2025-09-15,3146.63,5-Settled
INV-11163,CL-031,2025-09-15,8108.35,5-Settled
INV-11164,CL-048,2025-09-15,10645.48,5-Settled
INV-11165,CL-057,2025-09-16,7944.46,5-Settled
INV-11166,CL-004,2025-09-16,2722.75,5-Settled
INV-11167,CL-050,2025-09-16,1454.6,4-Pending Payment
INV-11168,CL-049,2025-09-16,9819.02,5-Settled
INV-11169,CL-081,2025-09-17,4338.92,5-Settled
INV-11170,CL-100,2025-09-17,11679.12,5-Settled
INV-11171,CL-046,2025-09-17,6923.93,5-Settled
INV-11172,CL-053,2025-09-17,8261.76,5-Settled
INV-11173,CL-060,2025-09-18,5918.66,5-Settled
INV-11174,CL-100,2025-09-18,5136.77,5-Settled
INV-11175,CL-023,2025-09-18,2780.26,5-Settled
INV-11176,CL-040,2025-09-18,3982.84,5-Settled
INV-11177,CL-028,2025-09-18,10618.39,5-Settled
INV-11178,CL-061,2025-09-18,9862.14,2-Delivered
INV-11179,CL-064,2025-09-19,7974.27,5-Settled
INV-11180,CL-039,2025-09-19,3360.74,5-Settled
INV-11181,CL-095,2025-09-19,2012.13,5-Settled
INV-11182,CL-057,2025-09-19,11342.63,4-Pending Payment
INV-11183,CL-053,2025-09-20,2555.32,5-Settled
INV-11184,CL-076,2025-09-20,1755.99,5-Settled
INV-11185,CL-088,2025-09-20,11804.35,5-Settled
INV-11186,CL-066,2025-09-20,3698.78,5-Settled
INV-11187,CL-038,2025-09-21,11725.19,5-Settled
INV-11188,CL-007,2025-09-21,7847.85,5-Settled
INV-11189,CL-057,2025-09-22,4300.56,5-Settled
INV-11190,CL-047,2025-09-22,3739.09,5-Settled
INV-11191,CL-018,2025-09-22,2215.31,4-Pending Payment
INV-11192,CL-002,2025-09-23,11040.43,5-Settled
INV-11193,CL-014,2025-09-24,6015.26,5-Settled
INV-11194,CL-042,2025-09-24,6813.2,3-Approved
INV-11195,CL-040,2025-09-24,3041.64,5-Settled
INV-11196,CL-001,2025-09-24,7584.89,5-Settled
INV-11197,CL-033,2025-09-24,9521.09,5-Settled
INV-11198,CL-094,2025-09-24,3918.34,5-Settled
INV-11199,CL-049,2025-09-24,8671.78,5-Settled
INV-11200,CL-084,2025-09-24,1917.0,5-Settled
INV-11201,CL-099,2025-09-25,11331.02,5-Settled
INV-11202,CL-040,2025-09-25,3603.43,5-Settled
INV-11203,CL-087,2025-09-25,6117.61,5-Settled
INV-11204,CL-011,2025-09-25,9590.94,5-Settled
INV-11205,CL-084,2025-09-25,3057.28,5-Settled
INV-11206,CL-084,2025-09-26,10124.45,5-Settled
INV-11207,CL-034,2025-09-26,3982.16,5-Settled
INV-11208,CL-096,2025-09-26,2568.25,5-Settled
INV-11209,CL-047,2025-09-26,3900.37,3-Approved
INV-11210,CL-032,2025-09-26,6157.46,5-Settled
INV-11211,CL-029,2025-09-26,1664.48,5-Settled
INV-11212,CL-004,2025-09-27,6057.3,5-Settled
INV-11213,CL-057,2025-09-27,10727.0,5-Settled
INV-11214,CL-015,2025-09-27,10379.25,5-Settled
INV-11215,CL-003,2025-09-27,6439.58,5-Settled
INV-11216,CL-059,2025-09-27,5767.73,5-Settled
INV-11217,CL-057,2025-09-28,12274.53,5-Settled
INV-11218,CL-093,2025-09-28,3726.45,5-Settled
INV-11219,CL-070,2025-09-28,15231.05,5-Settled
INV-11220,CL-045,2025-09-28,10591.69,5-Settled
INV-11221,CL-094,2025-09-29,12422.47,5-Settled
INV-11222,CL-063,2025-09-29,6505.0,5-Settled
INV-11223,CL-065,2025-09-29,12237.54,5-Settled
INV-11224,CL-040,2025-09-29,12161.51,5-Settled
INV-11225,CL-059,2025-09-29,7208.5,5-Settled
INV-11226,CL-059,2025-09-30,11114.93,5-Settled
INV-11227,CL-050,2025-09-30,1039.5,2-Delivered
INV-11228,CL-033,2025-09-30,3247.09,5-Settled
INV-11229,CL-053,2025-09-30,5250.55,5-Settled
INV-11230,CL-061,2025-09-30,9037.86,5-Settled
INV-11231,CL-016,2025-09-30,13042.41,4-Pending Payment
INV-11232,CL-021,2025-10-01,7467.23,5-Settled
INV-11233,CL-007,2025-10-01,4719.54,5-Settled
INV-11234,CL-031,2025-10-01,5115.08,5-Settled
INV-11235,CL-055,2025-10-01,1694.95,5-Settled
INV-11236,CL-030,2025-10-02,6599.57,5-Settled
INV-11237,CL-084,2025-10-02,9710.15,5-Settled
INV-11238,CL-095,2025-10-02,5086.9,5-Settled
INV-11239,CL-021,2025-10-02,2752.4,5-Settled
INV-11240,CL-093,2025-10-02,2109.69,5-Settled
INV-11241,CL-023,2025-10-02,5019.48,5-Settled
INV-11242,CL-098,2025-10-02,8009.99,5-Settled
INV-11243,CL-062,2025-10-03,8156.22,5-Settled
INV-11244,CL-060,2025-10-03,12710.75,5-Settled
INV-11245,CL-094,2025-10-03,5956.69,2-Delivered
INV-11246,CL-062,2025-10-04,4510.96,5-Settled
INV-11247,CL-089,2025-10-04,6362.59,5-Settled
INV-11248,CL-048,2025-10-04,9932.59,5-Settled
INV-11249,CL-057,2025-10-04,10889.67,5-Settled
INV-11250,CL-057,2025-10-04,8763.81,5-Settled
INV-11251,CL-051,2025-10-05,8767.77,5-Settled
INV-11252,CL-048,2025-10-05,6917.06,4-Pending Payment
INV-11253,CL-099,2025-10-05,3311.99,5-Settled
INV-11254,CL-051,2025-10-05,5281.73,5-Settled
INV-11255,CL-084,2025-10-05,8281.1,5-Settled
INV-11256,CL-055,2025-10-05,8523.16,3-Approved
INV-11257,CL-097,2025-10-05,4163.3,5-Settled
INV-11258,CL-050,2025-10-06,13383.33,5-Settled
INV-11259,CL-100,2025-10-06,3312.76,5-Settled
INV-11260,CL-050,2025-10-07,9453.53,5-Settled
INV-11261,CL-028,2025-10-07,6027.2,5-Settled
INV-11262,CL-098,2025-10-07,11025.33,5-Settled
INV-11263,CL-048,2025-10-08,12324.05,5-Settled
INV-11264,CL-094,2025-10-08,8584.3,4-Pending Payment
INV-11265,CL-034,2025-10-08,9658.6,5-Settled
INV-11266,CL-085,2025-10-09,8778.01,5-Settled
INV-11267,CL-039,2025-10-09,6804.51,5-Settled
INV-11268,CL-043,2025-10-09,7546.83,5-Settled
INV-11269,CL-070,2025-10-09,8268.85,4-Pending Payment
INV-11270,CL-099,2025-10-10,2010.8,5-Settled
INV-11271,CL-002,2025-10-10,5724.01,5-Settled
INV-11272,CL-066,2025-10-10,1979.69,5-Settled
INV-11273,CL-084,2025-10-10,2055.91,5-Settled
INV-11274,CL-023,2025-10-11,5443.94,5-Settled
INV-11275,CL-052,2025-10-11,3635.4,5-Settled
INV-11276,CL-023,2025-10-11,2501.61,5-Settled
INV-11277,CL-018,2025-10-11,9374.38,5-Settled
INV-11278,CL-062,2025-10-11,6342.41,5-Settled
INV-11279,CL-008,2025-10-11,5020.44,5-Settled
INV-11280,CL-070,2025-10-11,4985.29,5-Settled
INV-11281,CL-096,2025-10-12,4924.08,5-Settled
INV-11282,CL-086,2025-10-13,4735.45,5-Settled
INV-11283,CL-039,2025-10-13,5788.79,5-Settled
INV-11284,CL-059,2025-10-14,3967.76,5-Settled
INV-11285,CL-011,2025-10-14,6195.86,4-Pending Payment
INV-11286,CL-023,2025-10-14,8389.79,5-Settled
INV-11287,CL-082,2025-10-14,9887.37,3-Approved
INV-11288,CL-005,2025-10-14,8004.58,5-Settled
INV-11289,CL-056,2025-10-15,7273.74,5-Settled
INV-11290,CL-059,2025-10-15,2475.7,5-Settled
INV-11291,CL-075,2025-10-15,4149.32,5-Settled
INV-11292,CL-020,2025-10-15,3790.82,5-Settled
INV-11293,CL-079,2025-10-15,4465.65,5-Settled
INV-11294,CL-023,2025-10-16,4659.61,5-Settled
INV-11295,CL-009,2025-10-16,2526.42,5-Settled
INV-11296,CL-071,2025-10-17,5107.81,5-Settled
INV-11297,CL-071,2025-10-17,9065.75,5-Settled
INV-11298,CL-082,2025-10-17,2348.08,5-Settled
INV-11299,CL-083,2025-10-18,2804.92,5-Settled
INV-11300,CL-058,2025-10-18,4217.44,5-Settled
INV-11301,CL-042,2025-10-18,9765.96,5-Settled
INV-11302,CL-050,2025-10-18,3258.19,5-Settled
INV-11303,CL-097,2025-10-18,1847.77,5-Settled
INV-11304,CL-088,2025-10-19,7416.55,5-Settled
INV-11305,CL-090,2025-10-19,12178.26,5-Settled
INV-11306,CL-009,2025-10-19,5260.75,3-Approved
INV-11307,CL-066,2025-10-20,4652.0,5-Settled
INV-11308,CL-080,2025-10-20,4945.75,5-Settled
INV-11309,CL-040,2025-10-20,3184.72,5-Settled
INV-11310,CL-066,2025-10-21,11090.23,5-Settled
INV-11311,CL-060,2025-10-21,5931.88,5-Settled
INV-11312,CL-041,2025-10-21,11301.68,5-Settled
INV-11313,CL-078,2025-10-21,9989.15,5-Settled
INV-11314,CL-041,2025-10-22,11118.46,5-Settled
INV-11315,CL-060,2025-10-22,6909.02,5-Settled
INV-11316,CL-076,2025-10-22,6833.88,5-Settled
INV-11317,CL-058,2025-10-23,11190.98,5-Settled
INV-11318,CL-073,2025-10-23,5449.14,5-Settled
INV-11319,CL-073,2025-10-23,13180.4,5-Settled
INV-11320,CL-059,2025-10-23,8723.9,5-Settled
INV-11321,CL-062,2025-10-23,9609.81,5-Settled
INV-11322,CL-006,2025-10-24,5068.35,5-Settled
INV-11323,CL-098,2025-10-24,8730.4,5-Settled
INV-11324,CL-001,2025-10-25,4310.73,5-Settled
INV-11325,CL-089,2025-10-25,8855.36,5-Settled
INV-11326,CL-090,2025-10-25,7174.38,4-Pending Payment
INV-11327,CL-068,2025-10-25,7354.4,5-Settled
INV-11328,CL-052,2025-10-26,12846.54,5-Settled
INV-11329,CL-016,2025-10-26,4677.16,5-Settled
INV-11330,CL-073,2025-10-27,3257.22,5-Settled
INV-11331,CL-100,2025-10-27,12087.36,5-Settled
INV-11332,CL-018,2025-10-27,14774.44,5-Settled
INV-11333,CL-063,2025-10-28,6616.02,4-Pending Payment
INV-11334,CL-019,2025-10-28,1596.58,5-Settled
INV-11335,CL-018,2025-10-28,5636.72,5-Settled
INV-11336,CL-048,2025-10-28,6108.09,5-Settled
INV-11337,CL-025,2025-10-29,2316.18,5-Settled
INV-11338,CL-059,2025-10-29,9851.7,5-Settled
INV-11339,CL-068,2025-10-29,4214.16,5-Settled
INV-11340,CL-014,2025-10-29,5379.4,3-Approved
INV-11341,CL-034,2025-10-29,10038.55,5-Settled
INV-11342,CL-093,2025-10-30,10881.83,5-Settled
INV-11343,CL-010,2025-10-31,11060.5,5-Settled
INV-11344,CL-020,2025-10-31,4687.5,3-Approved
INV-11345,CL-099,2025-10-31,9539.33,5-Settled
INV-11346,CL-053,2025-10-31,2338.39,5-Settled
INV-11347,CL-019,2025-10-31,5982.04,5-Settled
INV-11348,CL-071,2025-10-31,11920.77,5-Settled
INV-11349,CL-064,2025-11-01,7277.17,5-Settled
INV-11350,CL-059,2025-11-01,3073.3,3-Approved
INV-11351,CL-015,2025-11-01,10945.07,5-Settled
INV-11352,CL-099,2025-11-01,11572.53,4-Pending Payment
INV-11353,CL-005,2025-11-02,5891.04,4-Pending Payment
INV-11354,CL-019,2025-11-02,3999.01,4-Pending Payment
INV-11355,CL-044,2025-11-02,8199.41,5-Settled
INV-11356,CL-091,2025-11-03,10274.8,2-Delivered
INV-11357,CL-054,2025-11-03,11490.08,5-Settled
INV-11358,CL-034,2025-11-03,8439.53,4-Pending Payment
INV-11359,CL-024,2025-11-04,7511.54,2-Delivered
INV-11360,CL-082,2025-11-04,2160.81,4-Pending Payment
INV-11361,CL-091,2025-11-04,10584.36,4-Pending Payment
INV-11362,CL-030,2025-11-04,7518.93,3-Approved
INV-11363,CL-025,2025-11-04,12487.75,2-Delivered
INV-11364,CL-069,2025-11-04,6691.79,3-Approved
INV-11365,CL-096,2025-11-05,2095.81,3-Approved
INV-11366,CL-011,2025-11-05,8811.57,4-Pending Payment
INV-11367,CL-043,2025-11-05,6008.07,3-Approved
INV-11368,CL-073,2025-11-05,3847.92,3-Approved
INV-11369,CL-087,2025-11-05,5064.57,5-Settled
INV-11370,CL-002,2025-11-06,4457.39,1-Created
INV-11371,CL-047,2025-11-06,7468.42,3-Approved
INV-11372,CL-019,2025-11-06,5809.71,3-Approved
INV-11373,CL-002,2025-11-07,3362.04,4-Pending Payment
INV-11374,CL-001,2025-11-07,1262.29,5-Settled
INV-11375,CL-051,2025-11-07,5336.26,2-Delivered
INV-11376,CL-083,2025-11-07,8724.09,1-Created
INV-11377,CL-028,2025-11-08,7036.75,5-Settled
INV-11378,CL-020,2025-11-08,3992.61,1-Created
INV-11379,CL-012,2025-11-08,10355.55,5-Settled
INV-11380,CL-047,2025-11-08,2765.61,3-Approved
INV-11381,CL-085,2025-11-08,1932.26,5-Settled
INV-11382,CL-094,2025-11-09,3200.26,4-Pending Payment
INV-11383,CL-035,2025-11-09,3329.59,5-Settled
INV-11384,CL-047,2025-11-10,3235.19,4-Pending Payment
INV-11385,CL-008,2025-11-10,2039.15,5-Settled
INV-11386,CL-053,2025-11-10,4622.0,4-Pending Payment
INV-11387,CL-002,2025-11-10,7856.4,3-Approved
INV-11388,CL-031,2025-11-11,4798.72,5-Settled
INV-11389,CL-060,2025-11-11,9969.79,5-Settled
INV-11390,CL-068,2025-11-11,5353.9,5-Settled
INV-11391,CL-046,2025-11-11,10497.59,1-Created
INV-11392,CL-070,2025-11-12,1664.94,5-Settled
INV-11393,CL-064,2025-11-12,6329.23,5-Settled
INV-11394,CL-073,2025-11-13,6443.95,4-Pending Payment
INV-11395,CL-019,2025-11-13,4416.02,4-Pending Payment
INV-11396,CL-001,2025-11-13,10152.69,5-Settled
INV-11397,CL-019,2025-11-13,2536.88,5-Settled
INV-11398,CL-080,2025-11-13,12099.96,5-Settled
INV-11399,CL-085,2025-11-13,11173.62,4-Pending Payment
INV-11400,CL-076,2025-11-14,8537.55,3-Approved
INV-11401,CL-034,2025-11-14,2631.25,3-Approved
INV-11402,CL-022,2025-11-14,11656.64,4-Pending Payment
INV-11403,CL-033,2025-11-15,9875.39,5-Settled
INV-11404,CL-095,2025-11-15,3657.9,5-Settled
INV-11405,CL-019,2025-11-15,8480.93,3-Approved
INV-11406,CL-002,2025-11-15,7499.67,5-Settled
INV-11407,CL-080,2025-11-15,10883.3,3-Approved
INV-11408,CL-028,2025-11-16,7506.86,4-Pending Payment
INV-11409,CL-013,2025-11-16,9975.66,3-Approved
INV-11410,CL-058,2025-11-16,7694.33,3-Approved
INV-11411,CL-077,2025-11-16,10723.38,3-Approved
INV-11412,CL-092,2025-11-16,6209.41,5-Settled
INV-11413,CL-012,2025-11-17,9311.22,2-Delivered
INV-11414,CL-061,2025-11-17,7188.24,2-Delivered
INV-11415,CL-057,2025-11-17,6785.43,2-Delivered
INV-11416,CL-049,2025-11-17,9576.59,5-Settled
INV-11417,CL-067,2025-11-17,1930.0,5-Settled
INV-11418,CL-080,2025-11-17,5011.67,5-Settled
INV-11419,CL-047,2025-11-17,9395.69,2-Delivered
INV-11420,CL-098,2025-11-18,3437.83,2-Delivered
INV-11421,CL-039,2025-11-18,1153.57,5-Settled
INV-11422,CL-070,2025-11-18,11721.62,4-Pending Payment
INV-11423,CL-040,2025-11-18,5000.68,4-Pending Payment
INV-11424,CL-037,2025-11-18,2015.09,3-Approved
INV-11425,CL-060,2025-11-18,9018.58,5-Settled
INV-11426,CL-038,2025-11-19,11825.1,1-Created
INV-11427,CL-081,2025-11-19,5595.4,4-Pending Payment
INV-11428,CL-089,2025-11-19,9671.58,4-Pending Payment
INV-11429,CL-028,2025-11-19,9499.32,2-Delivered
INV-11430,CL-020,2025-11-20,2794.61,5-Settled
INV-11431,CL-019,2025-11-20,1565.21,2-Delivered
INV-11432,CL-098,2025-11-20,9485.03,5-Settled
INV-11433,CL-041,2025-11-20,7451.96,4-Pending Payment
INV-11434,CL-051,2025-11-20,6277.19,2-Delivered
INV-11435,CL-089,2025-11-20,10359.35,2-Delivered
INV-11436,CL-035,2025-11-21,5589.38,4-Pending Payment
INV-11437,CL-039,2025-11-21,8337.49,4-Pending Payment
INV-11438,CL-051,2025-11-21,10759.56,5-Settled
INV-11439,CL-041,2025-11-21,4189.14,3-Approved
INV-11440,CL-035,2025-11-22,10651.6,5-Settled
INV-11441,CL-018,2025-11-22,7765.79,4-Pending Payment
INV-11442,CL-085,2025-11-22,2776.95,4-Pending Payment
INV-11443,CL-027,2025-11-22,1427.33,5-Settled
INV-11444,CL-051,2025-11-22,5178.89,5-Settled
INV-11445,CL-096,2025-11-22,11216.33,5-Settled
INV-11446,CL-051,2025-11-23,8757.44,5-Settled
INV-11447,CL-100,2025-11-23,8327.59,5-Settled
INV-11448,CL-094,2025-11-23,3484.26,3-Approved
INV-11449,CL-014,2025-11-24,5733.96,5-Settled
INV-11450,CL-097,2025-11-24,6120.26,5-Settled
INV-11451,CL-087,2025-11-24,4360.63,4-Pending Payment
INV-11452,CL-033,2025-11-24,1750.5,4-Pending Payment
INV-11453,CL-063,2025-11-24,3118.93,1-Created
INV-11454,CL-031,2025-11-25,7515.39,5-Settled
INV-11455,CL-041,2025-11-25,5995.24,4-Pending Payment
INV-11456,CL-075,2025-11-25,11453.65,4-Pending Payment
INV-11457,CL-001,2025-11-25,3467.34,5-Settled
INV-11458,CL-031,2025-11-25,5104.17,1-Created
INV-11459,CL-013,2025-11-25,6004.09,2-Delivered
INV-11460,CL-059,2025-11-25,8396.74,5-Settled
INV-11461,CL-071,2025-11-26,1549.79,5-Settled
INV-11462,CL-024,2025-11-26,3418.66,5-Settled
INV-11463,CL-093,2025-11-26,6666.94,3-Approved
INV-11464,CL-064,2025-11-26,6593.97,5-Settled
INV-11465,CL-033,2025-11-26,6400.42,4-Pending Payment
INV-11466,CL-058,2025-11-27,1327.03,5-Settled
INV-11467,CL-028,2025-11-27,10110.38,1-Created
INV-11468,CL-017,2025-11-27,3450.98,5-Settled
INV-11469,CL-043,2025-11-27,2539.84,5-Settled
INV-11470,CL-078,2025-11-27,1219.16,5-Settled
INV-11471,CL-077,2025-11-27,1637.93,3-Approved
INV-11472,CL-096,2025-11-28,5328.18,4-Pending Payment
INV-11473,CL-045,2025-11-28,9580.77,5-Settled
INV-11474,CL-094,2025-11-28,12718.6,5-Settled
INV-11475,CL-029,2025-11-28,4554.97,3-Approved
INV-11476,CL-062,2025-11-28,5136.48,4-Pending Payment
INV-11477,CL-026,2025-11-28,5727.99,4-Pending Payment
INV-11478,CL-099,2025-11-30,11742.03,5-Settled
INV-11479,CL-072,2025-11-30,7317.41,4-Pending Payment
INV-11480,CL-043,2025-11-30,7332.77,5-Settled
INV-11481,CL-021,2025-11-30,5638.89,4-Pending Payment
INV-11482,CL-018,2025-11-30,5720.0,5-Settled
INV-11483,CL-098,2025-11-30,8734.5,3-Approved
INV-11484,CL-044,2025-11-30,5050.26,3-Approved
INV-11485,CL-042,2025-12-01,6260.77,5-Settled
INV-11486,CL-035,2025-12-01,2437.28,5-Settled
INV-11487,CL-050,2025-12-02,5784.26,4-Pending Payment
INV-11488,CL-015,2025-12-02,9644.0,4-Pending Payment
INV-11489,CL-070,2025-12-02,1883.28,5-Settled
INV-11490,CL-012,2025-12-02,4176.41,5-Settled
INV-11491,CL-021,2025-12-02,2337.51,4-Pending Payment
INV-11492,CL-052,2025-12-02,4083.85,4-Pending Payment
INV-11493,CL-097,2025-12-03,8183.74,3-Approved
INV-11494,CL-076,2025-12-03,1186.77,3-Approved
INV-11495,CL-026,2025-12-03,10914.01,2-Delivered
INV-11496,CL-011,2025-12-03,6382.23,4-Pending Payment
INV-11497,CL-067,2025-12-04,9993.13,5-Settled
INV-11498,CL-063,2025-12-04,7823.59,5-Settled
INV-11499,CL-035,2025-12-04,7643.57,5-Settled
INV-11500,CL-069,2025-12-04,3161.59,4-Pending Payment
INV-11501,CL-044,2025-12-04,4164.58,5-Settled
INV-11502,CL-074,2025-12-05,10565.84,1-Created
INV-11503,CL-079,2025-12-05,3889.73,3-Approved
INV-11504,CL-007,2025-12-05,7553.91,3-Approved
INV-11505,CL-066,2025-12-06,10007.35,1-Created
INV-11506,CL-059,2025-12-06,6674.49,3-Approved
INV-11507,CL-056,2025-12-07,3173.79,5-Settled
INV-11508,CL-001,2025-12-07,2432.89,3-Approved
INV-11509,CL-006,2025-12-07,8664.37,5-Settled
INV-11510,CL-029,2025-12-07,2355.57,2-Delivered
INV-11511,CL-079,2025-12-07,7002.99,3-Approved
INV-11512,CL-067,2025-12-08,3284.65,4-Pending Payment
INV-11513,CL-013,2025-12-08,4467.04,5-Settled
INV-11514,CL-072,2025-12-08,7997.76,4-Pending Payment
INV-11515,CL-021,2025-12-08,4049.23,5-Settled
INV-11516,CL-022,2025-12-08,1269.74,4-Pending Payment
INV-11517,CL-098,2025-12-08,8129.98,4-Pending Payment
INV-11518,CL-095,2025-12-08,3193.83,4-Pending Payment
INV-11519,CL-092,2025-12-08,7495.5,1-Created
INV-11520,CL-019,2025-12-09,3022.24,3-Approved
INV-11521,CL-031,2025-12-09,1545.76,4-Pending Payment
INV-11522,CL-014,2025-12-09,10436.0,4-Pending Payment
INV-11523,CL-006,2025-12-09,8050.21,5-Settled
INV-11524,CL-020,2025-12-10,4202.62,3-Approved
INV-11525,CL-057,2025-12-10,2047.18,4-Pending Payment
INV-11526,CL-100,2025-12-10,6804.14,4-Pending Payment
INV-11527,CL-026,2025-12-10,4191.83,3-Approved
INV-11528,CL-045,2025-12-10,10375.12,3-Approved
INV-11529,CL-096,2025-12-10,10672.64,4-Pending Payment
INV-11530,CL-097,2025-12-10,7294.75,4-Pending Payment
INV-11531,CL-082,2025-12-11,3367.69,5-Settled
INV-11532,CL-095,2025-12-11,9778.55,3-Approved
INV-11533,CL-084,2025-12-11,13159.22,5-Settled
INV-11534,CL-069,2025-12-12,8043.73,3-Approved
INV-11535,CL-047,2025-12-12,1894.51,4-Pending Payment
INV-11536,CL-088,2025-12-13,2749.95,1-Created
INV-11537,CL-039,2025-12-13,12532.81,5-Settled
INV-11538,CL-020,2025-12-13,7679.2,5-Settled
INV-11539,CL-081,2025-12-13,3872.72,5-Settled
INV-11540,CL-043,2025-12-13,5017.71,3-Approved
INV-11541,CL-020,2025-12-13,7428.18,4-Pending Payment
INV-11542,CL-077,2025-12-13,2092.06,5-Settled
INV-11543,CL-028,2025-12-14,1842.74,5-Settled
INV-11544,CL-074,2025-12-14,7509.54,4-Pending Payment
INV-11545,CL-011,2025-12-14,8203.94,2-Delivered
INV-11546,CL-044,2025-12-14,10368.1,3-Approved
INV-11547,CL-069,2025-12-14,8683.32,4-Pending Payment
INV-11548,CL-002,2025-12-14,5986.46,4-Pending Payment
INV-11549,CL-096,2025-12-15,4312.9,4-Pending Payment
INV-11550,CL-004,2025-12-15,4264.68,4-Pending Payment
INV-11551,CL-048,2025-12-15,5564.75,5-Settled
INV-11552,CL-063,2025-12-15,5681.68,3-Approved
INV-11553,CL-036,2025-12-15,12771.41,2-Delivered
INV-11554,CL-066,2025-12-15,2544.44,2-Delivered
INV-11555,CL-031,2025-12-16,10882.86,5-Settled
INV-11556,CL-099,2025-12-16,4001.6,5-Settled
INV-11557,CL-056,2025-12-16,4749.69,5-Settled
INV-11558,CL-073,2025-12-16,7852.75,3-Approved
INV-11559,CL-056,2025-12-16,13324.72,4-Pending Payment
INV-11560,CL-020,2025-12-17,13550.89,3-Approved
INV-11561,CL-073,2025-12-17,3747.05,3-Approved
INV-11562,CL-098,2025-12-17,7700.19,5-Settled
INV-11563,CL-032,2025-12-17,4197.66,5-Settled
INV-11564,CL-007,2025-12-17,2518.66,5-Settled
INV-11565,CL-085,2025-12-17,11185.45,4-Pending Payment
INV-11566,CL-042,2025-12-17,5550.39,4-Pending Payment
INV-11567,CL-099,2025-12-18,8940.9,4-Pending Payment
INV-11568,CL-046,2025-12-18,9676.68,5-Settled
INV-11569,CL-062,2025-12-18,11279.14,4-Pending Payment
INV-11570,CL-100,2025-12-19,6862.58,3-Approved
INV-11571,CL-016,2025-12-19,10296.37,2-Delivered
INV-11572,CL-046,2025-12-19,12687.57,1-Created
INV-11573,CL-078,2025-12-20,9315.4,4-Pending Payment
INV-11574,CL-100,2025-12-20,11921.41,5-Settled
INV-11575,CL-046,2025-12-20,1940.58,4-Pending Payment
INV-11576,CL-055,2025-12-20,2854.2,4-Pending Payment
INV-11577,CL-049,2025-12-20,10769.29,4-Pending Payment
INV-11578,CL-017,2025-12-20,3342.45,5-Settled
INV-11579,CL-022,2025-12-21,10346.81,5-Settled
INV-11580,CL-002,2025-12-21,7793.47,5-Settled
INV-11581,CL-012,2025-12-21,3641.69,5-Settled
INV-11582,CL-072,2025-12-22,7280.1,5-Settled
INV-11583,CL-063,2025-12-22,1587.58,4-Pending Payment
INV-11584,CL-070,2025-12-22,4680.0,5-Settled
INV-11585,CL-014,2025-12-22,5291.79,4-Pending Payment
INV-11586,CL-066,2025-12-22,5799.58,4-Pending Payment
INV-11587,CL-016,2025-12-23,1599.24,5-Settled
INV-11588,CL-058,2025-12-23,2325.08,4-Pending Payment
INV-11589,CL-068,2025-12-23,6647.05,1-Created
INV-11590,CL-093,2025-12-23,5779.51,3-Approved
INV-11591,CL-071,2025-12-24,5274.46,5-Settled
INV-11592,CL-004,2025-12-24,8998.37,4-Pending Payment
INV-11593,CL-029,2025-12-24,9518.42,5-Settled
INV-11594,CL-069,2025-12-24,3794.6,5-Settled
INV-11595,CL-099,2025-12-25,9443.52,5-Settled
INV-11596,CL-034,2025-12-25,2953.59,5-Settled
INV-11597,CL-078,2025-12-25,6688.68,4-Pending Payment
INV-11598,CL-012,2025-12-25,4654.73,4-Pending Payment
INV-11599,CL-044,2025-12-26,6643.82,5-Settled
INV-11600,CL-087,2025-12-26,13396.64,5-Settled
INV-11601,CL-028,2025-12-26,6551.12,5-Settled
INV-11602,CL-006,2025-12-26,5146.63,3-Approved
INV-11603,CL-056,2025-12-26,6849.02,3-Approved
INV-11604,CL-068,2025-12-26,9951.98,5-Settled
INV-11605,CL-085,2025-12-27,5514.71,4-Pending Payment
INV-11606,CL-044,2025-12-27,2020.51,3-Approved
INV-11607,CL-057,2025-12-28,5747.58,5-Settled
INV-11608,CL-087,2025-12-28,5157.7,2-Delivered
INV-11609,CL-003,2025-12-28,8005.88,4-Pending Payment
INV-11610,CL-061,2025-12-28,2706.51,3-Approved
INV-11611,CL-077,2025-12-29,10735.04,5-Settled
INV-11612,CL-037,2025-12-29,8356.16,4-Pending Payment
INV-11613,CL-043,2025-12-29,9317.97,5-Settled
INV-11614,CL-016,2025-12-29,2338.25,5-Settled
INV-11615,CL-021,2025-12-30,3991.67,2-Delivered
INV-11616,CL-050,2025-12-30,4179.39,5-Settled
INV-11617,CL-027,2025-12-30,5282.52,3-Approved
INV-11618,CL-070,2025-12-30,12167.19,5-Settled
INV-11619,CL-011,2025-12-30,1714.42,4-Pending Payment
INV-11620,CL-036,2025-12-31,2132.92,5-Settled
INV-11621,CL-045,2025-12-31,6100.55,4-Pending Payment
INV-11622,CL-080,2025-12-31,5126.05,5-Settled
INV-11623,CL-017,2025-12-31,13377.68,5-Settled
INV-11624,CL-100,2025-12-31,4536.37,3-Approved
INV-11625,CL-090,2025-12-31,9494.89,3-Approved
INV-11626,CL-041,2025-12-31,4050.17,4-Pending Payment
INV-11627,CL-023,2025-12-31,3894.72,4-Pending Payment
